date,TRACKING,UPC,ITEM,QTY,单价,,fee
12/27,1ZR33V69YW10303270,,xbxone skyrim,3,,,
,,,ps4 skyrim,3,,,
,,,mario rabbis,3,,,
,,,xbxone forza horizon,3,,,
,1ZR34331YW10126997,,xbxone skyrim,3,,,
,,,mario rabbis,3,,,
,1ZF6924YYW10150266,,xbxone forza horizon,3,,,
,,,xbxone skyrim,3,,,
,1zf8030xxyw10134452,,xbxone skyrim,3,,,
,1ZF7202X0310146245,,xbxone skyrim,3,,,
,,,ps4 skyrim,3,,,
,,,mario rabbis,3,,,
,,,xbxone forza horizon,3,,,
,1ZEA5461YW02783194,amazon open,m705,1,,,
,,,lanceheard mouse,1,,,
,1Z1982F80301854604,amzon open,wiiu super mario maker,1,,,
,1ZEA54610388061284,amazon open,ps4 1 tb console,1,,,
,1ZR1A5240310481161,,ps4 skyrim,3,,,
,,,xbxone forza horizon,3,,,
,420197019205599799681989697256,,ps4 skyrim,3,,,
,,,xbxone forza horizon,3,,,
,,,mario rabbis,3,,,
,1ZA1479Y0300087964,amazon new,dell s2817q,2,,,
,1Z2929AE0322058435,amazon open,lenovo 110-151sk,1,,好了,
,,,,,,,
12/28,1ZF4Y324YW10137620,,mario rabbis,3,,,
,,,xbxone skyrim,3,,,
,1ZF7891XYN10143067,,xbxone forza horizon,3,,,
,,,mario rabbis,3,,,
,1ZR1A5240310483570,,xbxone forza horizon,3,,,
,,,ps4 skyrim,3,,,
,1ZF64653YW10166984,,xbxone skyrim,3,,,
,,,xbxone forza horizon,3,,,
,1zr1238x0310153557,,mario rabbis,3,,,
,,,xbxone skyrim,3,,,
,1ZR33V69YW10305072,,xbxone forza horizon,3,,,
,,,ps4 skyrim,3,,,
,1ZR33E36YW10145757,,mario rabbis,3,,,
,,,xbxone skyrim,3,,,
,1ZR1A5240310483669,,xbxone forza horizon,3,,,
,,,ps4 skyrim,3,,,
,1ZV7855E0346265105,,ps4 skyrim,3,,,
,,,mario rabbis,3,,,
,1zf687f0yw10159249,,xbxone forza horizon,3,,,
,,,ps4 skyrim,3,,,
,1ZR33V69YN10305089,,mario rabbis,3,,,
,,,xbxone forza horizon,3,,,
,1zr1238x0310153566,,xbxone skyrim,3,,,
,,,mario rabbis,3,,,
,1Z787Y880385607838,amazon open,m325,1,,,
,1Z1982F80301911668,amazon new,swith deluxe superhearo21,1,,,
,1ZEA54610388074903,amazon new,ps4 overwatch,1,,,
,,amazon open,hp 15 cc563st,1,,好了,
,1Z2929AE0322078280,amazon open,lenovo 110-15ac,1,,好了,
,,amazon open,lenovo 110-151sk,1,,好了,
,1Z2929AE0322076246,amazon open,lego 10232,1,,,
12/29,1ZF4V893YW10136281,,xbxone skyrim,3,,,
,,,ps4 skyrim,3,,,
,1ZV7855E0346309371,,ps4 skyrim,3,,,
,,,mario rabbis,3,,,
,1ZR32311YW10142848,,ps4 skyrim,3,,,
,,,mario rabbis,3,,,
,420197019205599799670789695951,,ps4 skyrim,3,,,
,,,mario rabbis,3,,,
,,,xbxone skyrim,3,,,
,,,xbxone forza horizon,3,,,
,1ZF55283YW10168620,,xbxone forza horizon,3,,,
12/30,420197019205599799714589894005,,ps4 skyrim,1,,,
,420197019205599799664689843093,,xbxone forza horizon,3,,,
,420197019205599799714589893527,,ps4 skyrim,2,,,
,,,mario rabbis,3,,,
,420197019205599799675489843619,,mario rabbis,3,,,
,,,xbxone skyrim,3,,,
,9611804423656600848022,amazon new,lg 29um59a,2,,,
,9622089590003077128800746988758888,,mario rabbis,1,,,
,,,,,,,
1/2,1ZW490242958646302,,mario rabbis,1,0.5,,
,1zr04764yw10130132,,xbxone skyrim,3,1.5,,
,,,mario rabbis,3,1.5,,
,1ZR34935YN10122417,,ps4 skyrim,3,1.5,,
,1ZF802F51310161639,,ps4 skyrim,3,1.5,,
,1ZR343310310127565,,ps4 skyrim,3,1.5,,
,,,xbxone skyrim,3,1.5,,
,1ZR04764YN10130149,,xbxone skyrim,3,1.5,,
,1ZR14731YN10175616,,ps4 skyrim,3,1.5,,
,1ZW85R213560003190,amzon open,hp spectre x360 15-bl075nr,1,20,,
,1Z2929AE0322106016,amazon open,chrombook s02 wm,1,20,,
1/3,4201970192055901795905914380578573,,xbxone forza horizon,3,1.5,,
,4201970192055901795905906763205602,,xbxone forza horizon,3,1.5,,
,1ZR159930310292100,,philips hue white a19,14,21,,
,1ZR159930310292119,,philips hue white a19,8,12,,
,1ZF4V8930310137331,814855022694,razer keyboard,3,3,,
,1ZR1A5240310484533,,philips hue white a19,12,18,,
,1ZR159930310292093,,philips hue white a19,14,21,,
,1ZR159930310292084,,philips hue white a19,14,21,,
,1ZRE59390310117562,,philips hue white a19,10,15,,
,1ZF8068Y0310151097,814855022694,razer keyboard,3,3,,
,1ZR1A5240310484515,,philips hue white a19,12,18,,
,1ZR1A5240310484597,,philips hue white a19,12,18,,
,1ZF6Y0630310146770,814855022694,razer keyboard,3,3,,
,1ZR1A5240310484499,,philips hue white a19,12,18,,
,1ZF773X40310135773,814855022694,razer keyboard,3,3,,
,1ZF6707X0310144696,,philips hue white a19,10,15,,
,1ZF52Y880310131886,814855022694,razer keyboard,3,3,,
,1ZF6707X0310144892,814855022694,razer keyboard,3,3,,
,1ZR1A5240310484551,,philips hue white a19,12,18,,
,1zf4w2860310129720,814855022694,razer keyboard,3,3,,
,1ZR1A5240310484560,,philips hue white a19,12,18,,
,1ZR3245X0310138571,814855022694,razer keyboard,3,3,,
,1ZF4F3390310155633,814855022694,razer keyboard,3,3,,
,1ZF57Y530310138323,814855022694,razer keyboard,3,3,,
,1ZR276310310138467,879862005986,deathadder mouse,5,2.5,,
,1ZRE59390310117553,,philips hue white a19,10,15,,
,1ZR1A5240310484542,,philips hue white a19,2,3,,
,1ZRV2478YW10128648,879862005986,deathadder mouse,5,2.5,,
,1ZR1A5240310484604,,philips hue white a19,2,3,,
,1Z727082YW51174760,,mac lip,4,2,,
,1ZE4W1680395868550,,xboxone 2tb gear war,1,,,
,1ZR15Y350310174432,,philips hue white a19,20,30,,
,1Z727082YW51185678,,mac lip,6,3,,
,1ZR15R460310132648,879862005986,deathadder mouse,5,2.5,,
,1ZR1A5240310484588,,philips hue white a19,12,18,,
,1ZR1A5240310484506,,philips hue white a19,12,18,,
,1ZR346F7YW10124693,879862005986,deathadder mouse,5,2.5,,
,1ZF7Y9420310125055,,mario rabbis,3,1.5,,
,,,xbxone skyrim,3,1.5,,
,1ZF36F53YW10166753,,mario rabbis,3,1.5,,
,,,xbxone skyrim,3,1.5,,
,1ZR137E3YW10144771,879862005986,deathadder mouse,2,1,,
,1Z1982F80302503400,amazon new,ptd 600,2,,,
,1Z3Y09F10317209444,amazon new,lg 29um59a,2,,,
,9622080430004033216600789143202615,,xbxone skyrim,3,1.5,,
,420197019200199799667438550065,879862005986,deathadder mouse,1,0.5,,
,,,,,,,
1/4,1ZWF25470393144160,,philips hue white a19,1,1.5,,
,1ZWF25470393146195,,philips hue white a19,1,1.5,,
,1ZWF25470393145356,,philips hue white a19,1,1.5,,
,1ZWF25470393144777,,philips hue white a19,1,1.5,,
,1ZWF25470393145767,,philips hue white a19,1,1.5,,
,1ZWF25470393147194,,philips hue white a19,1,1.5,,
,1ZWF25470393147612,,philips hue white a19,1,1.5,,
,1ZWF25470393146042,,philips hue white a19,1,1.5,,
,1ZWF25470393147970,,philips hue white a19,1,1.5,,
,1ZWF25470393147827,,philips hue white a19,1,1.5,,
,1ZWF25470393145070,,philips hue white a19,1,1.5,,
,1ZWF25470393146588,,philips hue white a19,1,1.5,,
,1ZWF25470393147470,,philips hue white a19,1,1.5,,
,1ZWF25470393145543,,philips hue white a19,1,1.5,,
,1ZWF25470393147390,,philips hue white a19,1,1.5,,
,1ZWF25470393146793,,philips hue white a19,1,1.5,,
,1ZWF25470393147112,,philips hue white a19,1,1.5,,
,1ZWF25470393146284,,philips hue white a19,1,1.5,,
,1ZWF25470393146533,,philips hue white a19,1,1.5,,
,1ZWF25470393145418,,philips hue white a19,1,1.5,,
,1ZWF25470393146024,,philips hue white a19,1,1.5,,
,1ZWF25470393144759,,philips hue white a19,1,1.5,,
,1ZWF25470393147881,,philips hue white a19,1,1.5,,
,,,,23,,,
,1ZR3497R0310108324,879862005986,deathadder mouse,7,3.5,,
,1ZWF25470393147667,,philips hue white a19,1,1.5,,
,1ZWF25470393147783,,philips hue white a19,1,1.5,,
,1ZWF25470393145598,,philips hue white a19,1,1.5,,
,1ZWF25470393145409,,philips hue white a19,1,1.5,,
,1ZWF25470393145427,,philips hue white a19,1,1.5,,
,1ZWF25470393145481,,philips hue white a19,1,1.5,,
,1ZWF25470393148531,,philips hue white a19,1,1.5,,
,1ZWF25470393145285,,philips hue white a19,1,1.5,,
,1ZWF25470393147818,,philips hue white a19,1,1.5,,
,1ZRY19160210125164,879862005986,deathadder mouse,8,4,,
,1ZWF25470393148077,,philips hue white a19,1,1.5,,
,1ZWF25470393145678,,philips hue white a19,1,1.5,,
,1ZWF25470393143867,,philips hue white a19,1,1.5,,
,1ZWF25470393148666,,philips hue white a19,1,1.5,,
,1ZWF25470393147167,,philips hue white a19,1,1.5,,
,1ZWF25470393146800,,philips hue white a19,1,1.5,,
,1ZWF25470393145687,,philips hue white a19,1,1.5,,
,1ZWF25470393147989,,philips hue white a19,1,1.5,,
,1ZWF25470393145552,,philips hue white a19,1,1.5,,
,1ZWF25470393145918,,philips hue white a19,1,1.5,,
,1ZWF25470393145730,,philips hue white a19,1,1.5,,
,1ZWF25470393148317,,philips hue white a19,1,1.5,,
,1ZR153980310168194,,philips hue white a19,10,15,,
,1ZWF25470393149101,,philips hue white a19,1,1.5,,
,1ZWF25470393145650,,philips hue white a19,1,1.5,,
,1ZWF25470393148693,,philips hue white a19,1,1.5,,
,1ZWF25470393146962,,philips hue white a19,1,1.5,,
,1ZWF25470393149147,,philips hue white a19,1,1.5,,
,1ZWF25470393146382,,philips hue white a19,1,1.5,,
,1ZWF25470393144697,,philips hue white a19,1,1.5,,
,1ZWF25470393147694,,philips hue white a19,1,1.5,,
,1ZWF25470393147256,,philips hue white a19,1,1.5,,
,1ZWF25470393147292,,philips hue white a19,1,1.5,,
,1ZWF25470393146695,,philips hue white a19,1,1.5,,
,1ZWF25470393144642,,philips hue white a19,1,1.5,,
,1ZWF25470393146864,,philips hue white a19,1,1.5,,
,1ZWF25470393143714,,philips hue white a19,1,1.5,,
,1ZWF25470393145954,,philips hue white a19,1,1.5,,
,1ZWF25470393148193,,philips hue white a19,1,1.5,,
,1ZWF25470393147210,,philips hue white a19,1,1.5,,
,1ZWF25470393146293,,philips hue white a19,1,1.5,,
,1ZWF25470393147489,,philips hue white a19,1,1.5,,
,1ZWF25470393147345,,philips hue white a19,1,1.5,,
,1ZWF25470393145972,,philips hue white a19,1,1.5,,
,1ZWF25470393145623,,philips hue white a19,1,1.5,,
,1ZWF25470393145758,,philips hue white a19,1,1.5,,
,1ZRF43830310116669,879862005986,deathadder mouse,7,3.5,,
,1ZWF25470393148308,,philips hue white a19,1,1.5,,
,1ZWF25470393146186,,philips hue white a19,1,1.5,,
,1ZWF25470393145276,,philips hue white a19,1,1.5,,
,1ZWF25470393145016,,philips hue white a19,1,1.5,,
,1ZWF25470393146935,,philips hue white a19,1,1.5,,
,1ZWF25470393144679,,philips hue white a19,1,1.5,,
,1ZWF25470393145534,,philips hue white a19,1,1.5,,
,1ZWF25470393146837,,philips hue white a19,1,1.5,,
,1ZWF25470393144857,,philips hue white a19,1,1.5,,
,1ZWF25470393148988,,philips hue white a19,1,1.5,,
,1ZWF25470393147229,,philips hue white a19,1,1.5,,
,1ZF74Y580310228789,,xboxone forza horrizon,3,1.5,,
,,,ps4 skyrim,3,1.5,,
,1ZWF25470393146944,,philips hue white a19,1,1.5,,
,1ZWF25470393145785,,philips hue white a19,1,1.5,,
,1ZWF25470393147023,,philips hue white a19,1,1.5,,
,1ZWF25470393147685,,philips hue white a19,1,1.5,,
,1ZF4270Y0310154309,879862005986,deathadder mouse,7,3.5,,
,1ZWF25470393147265,,philips hue white a19,1,1.5,,
,1ZWF25470393145936,,philips hue white a19,1,1.5,,
,1ZWF25470393146560,,philips hue white a19,1,1.5,,
,1ZWF25470393149094,,philips hue white a19,1,1.5,,
,1ZWF25470393148979,,philips hue white a19,1,1.5,,
,1ZWF25470393145909,,philips hue white a19,1,1.5,,
,1ZWF25470393146828,,philips hue white a19,1,1.5,,
,1ZWF25470393145516,,philips hue white a19,1,1.5,,
,1ZR153980310168201,,philips hue white a19,10,15,,
,1ZF69V430310171996,,philips hue white a19,14,21,,
,1ZWF25470393146168,,philips hue white a19,1,1.5,,
,1ZWF25470393145696,,philips hue white a19,1,1.5,,
,1ZWF25470393148237,,philips hue white a19,1,1.5,,
,1ZWF25470393147907,,philips hue white a19,1,1.5,,
,1ZWF25470393145472,,philips hue white a19,1,1.5,,
,1ZWF25470393145605,,philips hue white a19,1,1.5,,
,1ZWF25470393146882,,philips hue white a19,1,1.5,,
,1ZWF25470393147701,,philips hue white a19,1,1.5,,
,1ZWF25470393147416,,philips hue white a19,1,1.5,,
,1ZWF25470393145454,,philips hue white a19,1,1.5,,
,1ZWF25470393147845,,philips hue white a19,1,1.5,,
,1ZWF25470393146953,,philips hue white a19,1,1.5,,
,1ZWF25470393146435,,philips hue white a19,1,1.5,,
,1ZWF25470393143956,,philips hue white a19,1,1.5,,
,1ZWF25470393147149,,philips hue white a19,1,1.5,,
,1ZWF25470393147032,,philips hue white a19,1,1.5,,
,1ZWF25470393146891,,philips hue white a19,1,1.5,,
,1ZWF25470393148175,,philips hue white a19,1,1.5,,
,1ZWF25470393144848,,philips hue white a19,1,1.5,,
,1ZR2A1730210096574,879862005986,deathadder mouse,8,4,,
,1ZR153980310168603,814855022694,razer keyboard,3,3,,
,1ZWF25470393144704,,philips hue white a19,1,1.5,,
,1ZWF25470393147550,,philips hue white a19,1,1.5,,
,1ZWF25470393144875,,philips hue white a19,1,1.5,,
,1ZWF25470393144428,,philips hue white a19,1,1.5,,
,1ZWF25470393146597,,philips hue white a19,1,1.5,,
,1ZWF25470393147087,,philips hue white a19,1,1.5,,
,1ZWF25470393146980,,philips hue white a19,1,1.5,,
,1ZWF25470393145294,,philips hue white a19,1,1.5,,
,1ZWF25470393144893,,philips hue white a19,1,1.5,,
,1ZWF25470393144973,,philips hue white a19,1,1.5,,
,1ZWF25470393145114,,philips hue white a19,1,1.5,,
,1ZWF25470393149058,,philips hue white a19,1,1.5,,
,1ZWF25470393147541,,philips hue white a19,1,1.5,,
,1ZWF25470393145212,,philips hue white a19,1,1.5,,
,1ZWF25470393145589,,philips hue white a19,1,1.5,,
,1ZWF25470393143876,,philips hue white a19,1,1.5,,
,1ZWF25470393145089,,philips hue white a19,1,1.5,,
,1ZWF25470393147747,,philips hue white a19,1,1.5,,
,1ZWF25470393145632,,philips hue white a19,1,1.5,,
,1ZWF25470393148951,,philips hue white a19,1,1.5,,
,1ZWF25470393147274,,philips hue white a19,1,1.5,,
,1ZWF25470393149030,,philips hue white a19,1,1.5,,
,1ZWF25470393149209,,philips hue white a19,1,1.5,,
,1ZWF25470393145052,,philips hue white a19,1,1.5,,
,1ZWF25470393148059,,philips hue white a19,1,1.5,,
,1ZWF25470393146766,,philips hue white a19,1,1.5,,
,1ZWF25470393147603,,philips hue white a19,1,1.5,,
,1ZF801870310112976,879862005986,deathadder mouse,8,4,,
,1ZWF25470393146257,,philips hue white a19,1,1.5,,
,1ZWF25470393147434,,philips hue white a19,1,1.5,,
,1ZWF25470393146846,,philips hue white a19,1,1.5,,
,1ZWF25470393147318,,philips hue white a19,1,1.5,,
,1ZWF25470393147443,,philips hue white a19,1,1.5,,
,1ZWF25470393147336,,philips hue white a19,1,1.5,,
,1ZWF25470393144820,,philips hue white a19,1,1.5,,
,1ZWF25470393148031,,philips hue white a19,1,1.5,,
,1ZWF25470393148577,,philips hue white a19,1,1.5,,
,1ZWF25470393146631,,philips hue white a19,1,1.5,,
,1ZWF25470393146775,,philips hue white a19,1,1.5,,
,1ZWF25470393146819,,philips hue white a19,1,1.5,,
,1ZWF25470393147247,,philips hue white a19,1,1.5,,
,1ZWF25470393146720,,philips hue white a19,1,1.5,,
,1ZWF25470393147005,,philips hue white a19,1,1.5,,
,1ZWF25470393147836,,philips hue white a19,1,1.5,,
,1ZWF25470393144197,,philips hue white a19,1,1.5,,
,1ZWF25470393148399,,philips hue white a19,1,1.5,,
,1ZWF25470393145776,,philips hue white a19,1,1.5,,
,1ZWF25470393146971,,philips hue white a19,1,1.5,,
,1ZWF25470393146248,,philips hue white a19,1,1.5,,
,1ZWF25470393148246,,philips hue white a19,1,1.5,,
,1ZWF25470393147201,,philips hue white a19,1,1.5,,
,1ZWF25470393146426,,philips hue white a19,1,1.5,,
,1ZWF25470393146873,,philips hue white a19,1,1.5,,
,1ZWF25470393147523,,philips hue white a19,1,1.5,,
,1ZWF25470393145310,,philips hue white a19,1,1.5,,
,1ZWF25470393144740,,philips hue white a19,1,1.5,,
,1ZWF25470393147630,,philips hue white a19,1,1.5,,
,1ZWF25470393144722,,philips hue white a19,1,1.5,,
,1ZWF25470393145347,,philips hue white a19,1,1.5,,
,1ZWF25470393147587,,philips hue white a19,1,1.5,,
,1ZWF25470393147854,,philips hue white a19,1,1.5,,
,1ZWF25470393146542,,philips hue white a19,1,1.5,,
,1ZWF25470393145981,,philips hue white a19,1,1.5,,
,1ZWF25470393145614,,philips hue white a19,1,1.5,,
,1ZWF25470393146499,,philips hue white a19,1,1.5,,
,1ZWF25470393147407,,philips hue white a19,1,1.5,,
,1ZWF25470393144982,,philips hue white a19,1,1.5,,
,1ZWF25470393146408,,philips hue white a19,1,1.5,,
,1ZWF25470393144937,,philips hue white a19,1,1.5,,
,,,,235-47=188,,,
,1ZF945Y20210111379,879862005986,deathadder mouse,8,4,,
,1ZF4008V0310100165,879862005986,deathadder mouse,7,3.5,,
,1ZWF25470393147381,,philips hue white a19,1,1.5,,
,1ZR153980310168210,,philips hue white a19,10,15,,
,1ZWF25470393146480,,philips hue white a19,1,1.5,,
,1ZF69V430310171996,,philips hue white a19,14,21,,
,,,,26,,,
,1ZE1F0490210113011,879862005986,deathadder mouse,1,0.5,,
,1Z602A6X0335993950,,m705,10,5,,
,1ZE194580320515693,,m705,9,4.5,,
,1ZE194580320516638,,m705,10,5,,
,1ZE194580320549960,,m705,10,5,,
,,,,,,,
1/5,1ZWF25470393147452,,philips hue white a19,1,1.5,,
,1ZWF25470393145123,,philips hue white a19,1,1.5,,
,1ZWF25470393147943,,philips hue white a19,1,1.5,,
,1ZWF25470393147041,,philips hue white a19,1,1.5,,
,1ZWF25470393145865,,philips hue white a19,1,1.5,,
,1ZWF25470393144964,,philips hue white a19,1,1.5,,
,1ZWF25470393147363,,philips hue white a19,1,1.5,,
,1ZWF25470393148148,,philips hue white a19,1,1.5,,
,1ZWF25470393145249,,philips hue white a19,1,1.5,,
,1ZWF25470393144464,,philips hue white a19,1,1.5,,
,,,,10,,,
,1Z727082YW51477782,,mac lip,5,2.5,,
,1Z727082YW51480045,,mac lip,5,2.5,,
,1ZWF25470393146908,,philips hue white a19,1,1.5,,
,1ZWF25470393146702,,philips hue white a19,1,1.5,,
,1ZWF25470393145301,,philips hue white a19,1,1.5,,
,1ZWF25470393148522,,philips hue white a19,1,1.5,,
,1ZWF25470393146266,,philips hue white a19,1,1.5,,
,1ZWF25470393147569,,philips hue white a19,1,1.5,,
,1ZE1F0490210113002,879862005986,deathadder mouse,7,3.5,,
,1ZWF25470393147158,,philips hue white a19,1,1.5,,
,1ZWF25470393146757,,philips hue white a19,1,1.5,,
,1ZWF25470393147738,,philips hue white a19,1,1.5,,
,1ZWF25470393145105,,philips hue white a19,1,1.5,,
,1ZRR91050310105143,879862005986,deathadder mouse,5,2.5,,
,1ZWF25470393146917,,philips hue white a19,1,1.5,,
,1ZWF25470393145436,,philips hue white a19,1,1.5,,
,1ZWF25470393148255,,philips hue white a19,1,1.5,,
,1ZWF25470393146202,,philips hue white a19,1,1.5,,
,1ZRY20120310089448,879862005986,deathadder mouse,7,3.5,,
,1ZR133V90310163186,814855022694,razer keyboard,3,1.5,,
,1ZWF25470393147069,,philips hue white a19,1,1.5,,
,1ZWF25470393146300,,philips hue white a19,1,1.5,,
,1ZWF25470393145490,,philips hue white a19,1,1.5,,
,1ZWF25470393146471,,philips hue white a19,1,1.5,,
,1zry70350310128072,879862005986,deathadder mouse,7,3.5,,
,1ZWF25470393146604,,philips hue white a19,1,1.5,,
,1ZWF25470393144839,,philips hue white a19,1,1.5,,
,1ZWF25470393145338,,philips hue white a19,1,1.5,,
,1ZWF25470393144660,,philips hue white a19,1,1.5,,
,1ZWF25470393145329,,philips hue white a19,1,1.5,,
,1ZWF25470393147498,,philips hue white a19,1,1.5,,
,1ZWF25470393149218,,philips hue white a19,1,1.5,,
,1Z2E3Y370303007587,,m705,10,5,,
,1ZF424E40310123837,879862005986,deathadder mouse,7,3.5,,
,1ZR153980310168229,,philips hue white a19,10,5,,
,1ZF086000310152763,814855022694,razer keyboard,3,1.5,,
,1Z2E3Y370303006524,,m705,10,5,,
,1ZWF25470393145392,,philips hue white a19,1,1.5,,
,1ZWF25470393147121,,philips hue white a19,1,1.5,,
,1Z602F9A4258352583,amazon new,hp 15-cc563ct,5,,,
,1ZR153980310168185,,philips hue white a19,10,15,,
1/6,9622080430004033216600789173456094,879862005986,deathadder mouse,5,2.5,,
,420197019200199799691338565577,,xbxone forzona,3,1.5,,
,420197019361289681090344104518,,m705,10,5,,
,420197019374889681090306301777,,m705,1,0.5,,
,9622080000004224830500789232191929,,mario swith ,1,,,
1/8,1Z13962V1310105555,879862005986,deathadder mouse,6,3,,
,1ZY8A3940319509004,,philips hue white a19,3,4.5,,
,1ZF75Y070310169876,879862005986,deathadder mouse,5,2.5,,
,1ZR3047A0310124546,814855022694,razer keyboard,3,3,,
,1ZRX68430210123800,879862005986,deathadder mouse,7,3.5,,
,1ZF4F9590310109411,879862005986,deathadder mouse,6,3,,
,1ZR152020210107334,879862005986,deathadder mouse,7,3.5,,
,1ZWF25470393146748,,philips hue white a19,1,1.5,,
,1ZF582630310119091,879862005986,deathadder mouse,6,3,,
,1Z13493W0310100922,879862005986,deathadder mouse,7,3.5,,
,1ZRR26400310103871,879862005986,deathadder mouse,6,3,,
,1ZF5171YYW10116314,879862005986,deathadder mouse,1,0.5,,
,1ZWF25470393146677,,philips hue white a19,1,1.5,,
,1ZR33F090310124308,814855022694,razer keyboard,3,3,,
,1ZE1F2181310145253,879862005986,deathadder mouse,6,3,,
,1ZR122Y10310179157,814855022694,razer keyboard,3,3,,
,1ZR318230310133978,814855022694,razer keyboard,3,3,,
,1ZY8A3940319509068,,philips hue white a19,3,4.5,,
,1ZY8A3940319506918,,philips hue white a19,3,4.5,,
,1Z787Y880385738045,amazon new,m705,1,,,
,420197019205599799733100199849,879862005986,deathadder mouse,6,3,,
,420197019205590175136200174007,879862005986,deathadder mouse,6,3,,
,420197019205590175136200201932,879862005986,deathadder mouse,6,3,,
,420197019205599799660600186089,879862005986,deathadder mouse,6,3,,
,31970108310000044183589130012015,,ysl lip,5,7.5,,
1/9,1ZRE5939YW10118438,879862005986,deathadder mouse,3,1.5,,
,1001901740790001970100405937943837,,ysl lip,1,1.5,,
,1ZR1604V0210165868,879862005986,deathadder mouse,6,3,,
,1ZE1F2090210118543,879862005986,deathadder mouse,6,3,,
,1ZY2F1740365541975,amazon new,m705,2,,,
,1Z174EY40301674156,,lego 10232,1,3.75,,
,1Z174EY40301677920,,lego 10232,1,3.75,,
,1Z174EY40301680630,,lego 10232,1,3.75,,
,1Z174EY40301680489,,lego 10232,1,3.75,,
,1Z174EY40301677813,,lego 10232,1,3.75,,
,1Z174EY40301681120,,lego 10232,1,3.75,,
,1Z174EY40301680587,,lego 10232,1,3.75,,
,1Z174EY40301672005,,lego 10232,1,3.75,,
,1Z174EY40301677715,,lego 10232,1,3.75,,
,1Z174EY40301675244,,lego 10232,1,3.75,,
,1Z174EY40301673504,,lego 10232,1,3.75,,
,1Z174EY40301680792,,lego 10232,1,3.75,,
,1Z174EY40301678143,,lego 10232,1,3.75,,
,1Z174EY40301680747,,lego 10232,1,3.75,,
,1Z174EY40301681022,,lego 10232,1,3.75,,
,1Z174EY40301680532,,lego 10232,1,3.75,,
,1Z174EY40301674325,,lego 10232,1,3.75,,
,1Z174EY40301673693,,lego 10232,1,3.75,,
,1Z174EY40301677091,,lego 10232,1,3.75,,
,1Z174EY40301680818,,lego 10232,1,3.75,,
,1Z174EY40301675726,,lego 10232,1,3.75,,
,1Z174EY40301675691,,lego 10232,1,3.75,,
,1Z174EY40301680854,,lego 10232,1,3.75,,
,1Z174EY40301680685,,lego 10232,1,3.75,,
,1Z174EY40301672238,,lego 10232,1,3.75,,
,1Z174EY40301674478,,lego 10232,1,3.75,,
,1Z174EY40301680130,,lego 10232,1,3.75,,
,1Z174EY40301679660,,lego 10232,1,3.75,,
,1Z174EY40301679722,,lego 10232,1,3.75,,
,,,,29,,,
,420197019374889681090309182670,,jpenny gc,1,,,
,420197019205599799732300200096,879862005986,deathadder mouse,6,3,,
,,,,,,,
1/10,1Z787Y880385788509,amzon new,lancehead mouse,1,,,
,1ZR28E800210123640,879862005986,deathadder mouse,5,2.5,,
,1zr1238x0310153557,,mario raddids,3,1.5,,
,,,xbxone skyrim,3,1.5,,
,1ZF5690Y0210105551,879862005986,deathadder mouse,5,2.5,,
,1zr3a04602100994395,879862005986,deathadder mouse,6,3,,
,1Z1982F80303343895,amazon new,xboxone gear war 2tb,1,,,
,,,xbxone 1tb blk,1,,,
,1Z174EY40301690067,,lego 10232,1,3.75,,
,1Z174EY40301689766,,lego 10232,1,3.75,,
,1Z174EY40301689882,,lego 10232,1,3.75,,
,1Z174EY40301689542,,lego 10232,1,3.75,,
,1Z174EY40301689613,,lego 10232,1,3.75,,
,1Z69VR561303338080,,lego 10232,1,3.75,,
,1Z174EY40301689846,,lego 10232,1,3.75,,
,1Z174EY40301690049,,lego 10232,1,3.75,,
,1Z69VR561303338820,,lego 10232,1,3.75,,
,1Z69VR561303337965,,lego 10232,1,3.75,,
,1Z69VR561303338777,,lego 10232,1,3.75,,
,1Z69VR561303338768,,lego 10232,1,3.75,,
,1Z69VR561303338811,,lego 10232,1,3.75,,
,1Z69VR561303337956,,lego 10232,1,3.75,,
,,,,14,,,
,1ZR038650210104793,879862005986,deathadder mouse,6,3,,
,1Z2929AE0322252135,amazon open,hp envy360 15 aq267cl,1,20,,
,1ZEA54610388291179,amazon open,asus q524u,1,20,,
1/11,1ZRR51840210151709,879862005986,deathadder mouse,4,2,,
,1ZF722340210124311,879862005986,deathadder mouse,4,2,,
,1ZE1F6180210090950,879862005986,deathadder mouse,4,2,,
,1ZR166470310118890,879862005986,deathadder mouse,4,2,,
,1ZF111Y10210086969,879862005986,deathadder mouse,4,2,,
,1ZR305F50210086225,879862005986,deathadder mouse,6,2,,
,1Z787Y880385795251,amazon new,ps4 overwatch,1,,,
,1ZE194580320779711,97855068538,m705,14,7,,
,1ZE194580320788210,97855068538,m705,36,18,,
,1Z3Y55R20319857427,amazon new,i3567-5664blk,1,,,
,1ZE194580320771004,97855068538,m705,30,15,,
,1ZEA54610388296825,amazon new,dell i3162-0003blu,1,,,
,,amazon open,lancehead mouse,1,,,
,1ZEA54614288304895,amazon open,m705,1,,,
,,,xbxone forza horizon3,1,,,
,,,asus fx502v,1,20,,
1/15,1001910541660001970100720611866905,,m705,30,15,,
,1Z1008590334476385,,lego 10232,3,11.25,,
,1Z1008590334468910,,lego 10232,3,11.25,,
,1Z1008590334476018,,lego 10232,3,11.25,,
,1Z1008590334471362,,lego 10232,3,11.25,,
,1Z1008590334469759,,lego 10232,3,11.25,,
,1Z1008590334465968,,lego 10232,3,11.25,,
,1Z1008590334468830,,lego 10232,3,11.25,,
,1Z1008590334467037,,lego 10232,3,11.25,,
,1Z1982F80304040237,amzon open,samung xe500c13-ko13us,1,屏幕打不开,,
,1Z1008590334476607,,lego 10232,3,11.25,,
,1ZR25A650310142488,879862005986,deathadder mouse,3,1.5,,
,1Z787Y880385868968,amazon open,m705,1,,,
,1Z787Y880385859914,amzon open,lanchead mouse,1,,,
,1ZW0X1160323952216,amazon,dell loptop,1,,,
,1ZEA5461YN02360595,amazon new,wii u super mario maker,1,,,
1/16,420197019205599799719400168921,879862005986,deathadder mouse,6,3,,
,1ZR28A170310126600,879862005986,deathadder mouse,3,1.5,,
,1Z1008590334485928,,ps4 pro 1tb,1,6,,
,1Z1008590334481726,,lego 10232,3,11.25,,
,1Z602F9A4258672102,amazon new,hp 15-cc563st,2,,,
,1Z787Y880385885323,amazon open,kensington slimba\lade,1,,,
,1Z1982F80304291976,amazon open,m705,1,,,
,1ZA3170W4249258394,amzon new,hp 15-cc178cl,5,,,
,1ZR10A650310140576,814855022694,razer keyboard,1,1,,
,1ZF7838X0310134750,814855022694,razer keyboard,1,1,,
,1ZF381380310174271,814855022694,razer keyboard,1,1,,
,1ZY8F9770369443794,,ring cam,1,,,
,1Z1982F80304337551,amazon open,k830 tv,1,,,
1/17,1ZRW67990310106002,879862005986,deathadder mouse,2,1,,
,1zf701y40310111548,879862005986,deathadder mouse,2,1,,
,1ZF97R690310125652,879862005986,deathadder mouse,2,1,,
,1ZF7802X0310125851,879862005986,deathadder mouse,2,1,,
,1ZE1F3590210142279,879862005986,deathadder mouse,2,,,
,1ZRX18200310111538,879862005986,deathadder mouse,2,1,,
,1ZF5Y5760310121630,879862005986,deathadder mouse,2,1,,
,1ZF6F3530310111211,879862005986,deathadder mouse,2,1,,
,1ZR12Y690310113562,879862005986,deathadder mouse,2,1,,
,1ZF5171Y0310117400,814855022694,razer keyboard,1,1,,
,1Z2929AE0322334903,amazon open,asus x541n,1,20,,
,,,,,,,
1/18,420197019361289681090351807600,,m705,27,13.5,,
,1Z1982F80304592936,amazon new,k830 tv,1,,,
,1ZEA54610388450185,amazon open,phiphi sonicare,1,,,
,1Z9743W70325433795,amazon new,dell i3567-5664blk,2,,,
1/19,1ZV7855E0346884544,889349785096,asus x541n,1,5,,
,1ZV7855E0346889370,889349785096,asus x541n,1,5,,
,1ZV7855E0346879318,889349785096,asus x541n,1,5,,
,1ZV7855E0346899092,889349785096,asus x541n,1,5,,
,1ZV7855E0346899136,889349785096,asus x541n,1,5,,
,1ZV7855E0346882279,889349785096,asus x541n,1,5,,
,1Z2929AE0322381442,amazon open,hp envy15-aq267cl,1,20,,
,1Z2929AE0322380112,amazon open,asus x541n,1,20,,
,1Z2F5R854234735542,amaozn new,asus q504u,3,,,
,1Z1982F80304931346,amqzon broke open,xbxone skyrim,1,,,
,1Z1982F80304909755,amazon open,swith mario,1,,,
,1Z3Y09F10315837617,amazon open,dell xps 8920,1,20,,
,1ZA1479Y0300284161,amazon open,asus gtx1070,1,,,
1/22,420197019361289681090355380116,,lego 10232,3,11.25,,
,420197019361289681090355065181,,lego 10232,3,11.25,,
,1Z787Y880385971355,amazon open,xboxone fifa18,1,,,
,1ZEA54610388491702,amaozn new,phiphi sonicare white,1,,,
,1ZA1479Y0300335936,amazon open,dell 7000,1,,,
,1Z1982F80305134410,amazon new,ps4 1tb ,1,,,
,1001901742890001970100720612147984,,m705,27,13.5,,
1/24,1Z9V53850323988689,amazon new,dell i3567-5664blk,1,,,
,1Z9V53850323991406,amazon new,hp 270-p014,1,,,
1/25,1Z1982F80305802635,amazon open,xbxone gear war 1tb,1,,,
,1Z9R81980316075215,amazon open,samung xe500c113-k02,1,20,,
,1Z9A54160367265613,amazon open,dell 2817q,1,,,
1/26,420197019361289681090356697787,,m705,27,13.5,,
,420197019361289681090357135646,,m705,27,13.5,,
,420197019361289681090356924685,,m705,27,13.5,,
,420197019361289681090357042869,,m705,27,13.5,,
,420197019361289681090356973249,,m705,27,13.5,,
,420197019361289681090357013173,,m705,27,13.5,,
,420197019505515638588023132254,return new,philip sonicare pink,1,,,
,31970126310000044128366359142010,,confession lipstick,2,1.5,,
1/29,420197019361289681090357280889,,m705,25,12.5,,
,1Z1982F80306138567,amazon new,swith lego city,1,,,
,1Z787Y880386051329,amazon new,xbxoe control wireless,1,,,
,1Z377WE60378845162,amazon new,dell i3567-5664blk,1,,,
,1Z30Y8230367973890,,m705,20,10,,
,1ZA1479Y0300415537,amazon new,playsion vr  bundle,1,,,
1/30,1Z2929AE0322500876,amazon open,acer cb5-571-c4g4,1,20,,
,1Z97516A0304582192,amazon new,ps4 pro desitiny,1,,,
,1ZEA54610388607533,amazon open,xbxone 2tb gear war,1,,,
,9622080430003077142800746962750512,,xboxone grand theft auto,3,1.5,,
,9622080430003077142800746962749736,,xboxone grand theft auto,3,1.5,,
,9622080000000988133400789492397187,190198462930,mqd32,1,6,,
,9622080000000988133400789492396066,190198462930,mqd32,1,6,,
,9622080000000988133400789492396938,190198462930,mqd32,1,6,,
,,,,,,,
1/31,4201970192055901795905000811689274,,xboxone grand theft auto,3,1.5,,
,4201970192055901795905018022812213,,xboxone grand theft auto,3,1.5,,
,1ZV7855E0347170910,,xboxone grand theft auto,3,1.5,,
,1Z787Y880386093061,amazon open,lenovo stick 300+,1,,,
,1Z3Y67380311205724,,g600,3,1.5,,
,1Z3Y67380311212556,,g600,3,1.5,,
,1Z3Y67380311204672,,g600,3,1.5,,
,1Z3Y67380311203566,,g600,3,1.5,,
,1ZEA5461YN02431857,amazon open,m325,1,,,
,1Z4E37X00307392723,889842199062,xbxone 1tb minecraft,1,6,,
,4201970192055901795905001917235709,,xboxone grand theft auto,3,1.5,,
,4201970192055901795905004334807399,,xboxone grand theft auto,3,1.5,,
,4201970192055901795905000662413905,,xboxone grand theft auto,3,1.5,,
,4201970192055901795905002540803693,,xboxone grand theft auto,3,1.5,,
,4201970192055901795905003585895124,,xboxone grand theft auto,3,1.5,,
,420197019361289681090360247763,,g600,3,1.5,,
,1Z4E37X04207392641,889842199062,xbxone 1tb minecraft,6,36,,
,420197019361289681090360493986,,lego 10232,3,11.25,,
,1Z1982F80306493021,amazon new,philip sonicare blk,1,,,
,,,,,1866,,
,,,,,,,
2/2,4201970192055901795908007650009505,,xboxone grand theft auto,3,1.5,,
,4201970192055901795905019859643599,,xboxone grand theft auto,3,1.5,,
,1Z3Y67380311250792,,g600,3,1.5,,
,4201970192055901795905015737337550,,xboxone grand theft auto,3,1.5,,
,9622080430003077142800746962802330,,xboxone grand theft auto,3,1.5,,
,1Z2FX8994217587541,889842181777,xbxone 1tb halowar   white,3,18,,
,1ZV7855E0347239329,,xboxone grand theft auto,3,1.5,,
,420197019361289681090361278292,,g600,3,1.5,,
,1ZEA5461YN02444263,amazon open,ps4 syrim,1,,,
,1ZEA54610388680481,amazon open,samung xe500c13-s02,1,20,,
,,,m705,1,0.5,,
,4201970192055901795906014001939819,,xboxone grand theft auto,3,1.5,,
,4201970192055901795906005531928527,,xboxone grand theft auto,3,1.5,,
,1Z97518A0312066385,,lego 10232,3,11.25,,
,1Z787Y880386111442,amazon open,kensington slimblade,1,,,
2/6,4201970192055901795906005118204792,,xboxone grand theft auto,3,1.5,,
,4201970192055901795906010227719914,,xboxone grand theft auto,3,1.5,,
,1ZA407020307964927,,xboxone grand theft auto,3,1.5,,
,4201970192055901795906007225711101,,xboxone grand theft auto,3,1.5,,
,4201970192055901795906008534958843,,xboxone grand theft auto,3,1.5,,
,1ZY8R0100365916518,,wiiu super smashbr,1,0.5,,
,1Z3004WX0375747788,,wiiu super smashbr,1,0.5,,
,1Z973F330374669094,,wiiu super smashbr,1,0.5,,
,1Z787Y880386159820,amazon open,philip hue,1,,,
,,amazon open,m705,1,,,
,,amazon open,ipad pro 256g gray,1,,,
,1ZEA54610388727912,amazon open,xboxone 1tb blk,1,,,
2/7,1Z4E37X00307393777,,xboxone 1tb mincraft,2,12,,
,1ZEA54610388761885,amazon open,swith red blue,1,,,
2/8,1ZF95R410301361413,,ipad 128g gold,1,6,,
,1Z1982F80307355320,amazon open,lanchead mouse,1,,,
,1ZF1920Y1310097129,,mx 2s mouse,1,1,,
,1Z3Y57A80375702453,,wiiu super smashbr,1,0.5,,
,1Z0092V94292502964,,ps4 pro battlefront,1,6,,
,1Z0092V94295482356,,ps4 pro battlefront,1,6,,
2/9,1ZA406960222152479,,mx 2s mouse,1,1,,
,1ZA406960222152264,,mx 2s mouse,1,1,,
,1ZA406960222152399,,mx 2s mouse,1,1,,
,1ZA406960222152586,,mx 2s mouse,1,1,,
,1ZA406960222152317,,mx 2s mouse,1,1,,
,1ZR268910210087435,,mx 2s mouse,1,1,,
,1ZR04A590310106328,,mx 2s mouse,1,1,,
,1ZF7Y3530310142106,,mx 2s mouse,1,1,,
,1ZF7Y3530310142099,,mx 2s mouse,1,1,,
,1ZV7855E0347382094,889349785096,asus x541n,1,5,,
,1ZV7855E0347383066,192076791460,lenovo 320-171kb,1,6,,
,1ZV7855E0347393617,889349785096,asus x541n,1,5,,
,1ZV7855E0347382923,192076791460,lenovo 320-171kb,1,6,,
,1ZV7855E0347377733,889349785096,asus x541n,1,5,,
,1ZV7855E0347382843,192076791460,lenovo 320-171kb,1,6,,
,1ZV7855E0347378170,889349785096,asus x541n,1,5,,
,1ZV7855E0347398470,192076791460,lenovo 320-171kb,1,6,,
,1ZV7855E0347400742,889349785096,asus x541n,1,5,,
,1ZV7855E0347387820,192076791460,lenovo 320-171kb,1,6,,
,1ZV7855E0347383020,192076791460,lenovo 320-171kb,1,6,,
,1ZV7855E0347383137,192076791460,lenovo 320-171kb,1,6,,
,1ZF513630310108768,889349785096,asus x541n,1,5,,
,1ZV7855E0347382914,192076791460,lenovo 320-171kb,1,6,,
,1ZV7855E0347379508,889349785096,asus x541n,1,5,,
,1ZV7855E0347381899,889349785096,asus x541n,1,5,,
,1ZF513630310108731,889349785096,asus x541n,1,5,,
,1ZW490240359376150,192076791460,lenovo 320-171kb,1,6,,
,1ZV7855E0347383084,192076791460,lenovo 320-171kb,1,6,,
,1ZV7855E0347387580,192076791460,lenovo 320-171kb,1,6,,
,1Z971V0X0366264777,,wiiu super mario bros,1,0.5,,
,1Z9723XWYN64887881,,wiuu super smash,2,1,,
,1ZR1361X0310199955,889349785096,asus x541n,1,5,,
,9612019232382020055213,,wiuu super smash,2,1,,
,1ZEA54610388823237,amazon open,m705,1,,,
,,,harmy one,1,,,
,,,philp hue,1,,,
,,,xboxone controll,1,,,
,1Z602AX61382221194,,lego 10232,4,13,,
,1Z602AX61382220382,,lego 10232,3,9.75,,
,420197019205590175136201521206,,mx 2s mouse,1,1,,
2/10,420197019205590175136201528250,,mx 2s mouse,1,1,,
,420197019200190175136248429562,,mx 2s mouse,1,1,,
,420197019205599799648601533644,,mx 2s mouse,1,1,,
,420197019200190175136248462675,,mx 2s mouse,1,1,,
,4201970192001901795900119698659101,,mx 2s mouse,1,1,,
,420197019361289681090365401399,,lego 10232,3,11.25,,
,420197019361289681090365743314,,lego 10232,3,11.25,,
,1Z2929AE0322646273,amazon new,dell 2817q,1,,,
,,amazon open,samung xe500c13-s02,1,20,,
,1001910551380001970100745459872410,,lego 10232,3,11.25,,
,1001910551380001970100745459883820,,lego 10232,3,11.25,,
,1ZR166470310121251,,mx 2s mouse,1,1,,
,1Z14E4W40210123717,,mx 2s mouse,1,1,,
,1ZR166470310121260,,mx 2s mouse,1,1,,
,1Z1521WW0210117866,,mx 2s mouse,1,1,,
,1ZF456Y20210111152,,mx 2s mouse,1,1,,
,1ZV7855E0347403669,889349785096,asus x541n,1,5,,
,1ZE1F0220272486517,,lego 10232,3,11.25,,
,1ZE1F0220272486651,,lego 10232,3,11.25,,
,4201970192055901795906116122745352,,mx 2s mouse,1,1,,
,4201970192001901795907105881814917,,mx 2s mouse,1,1,,
,4201970192055901795906116017542660,,mx 2s mouse,1,1,,
,420197019205599799647601533036,,mx 2s mouse,1,1,,
,420197019205599799641101638376,,mx 2s mouse,1,1,,
,4201970192001901795907114332388891,,mx 2s mouse,1,1,,
,420197019205590175136201529493,,mx 2s mouse,1,1,,
,4201970192001901795907114056322119,,mx 2s mouse,1,1,,
,9200199799657349123335,,mx 2s mouse,1,盒子borke need change,,
,420197019216590182967033491346,,rubywoo lip,1,0.25,,
,1ZA1479Y0300603637,amazon open,keypad razer,1,,,
,1Z2929AE0322662219,amazon open,lenovo 120s-11ap,1,20,,
,31970144310000014128366651702012,,confession lipstick,1,0.5,,
,,,,,,,
2/13,9622080430003077142800746962922297,889349785096,asus x541n,1,5,,
,9622080430003077142800746962922209,889349785096,asus x541n,1,5,,
,9622080430003077142800746962922253,889349785096,asus x541n,1,5,,
,9622080430003077142800746962922183,889349785096,asus x541n,1,5,,
,9622080430003077142800746962922069,889349785096,asus x541n,1,5,,
,9622080430003077142800746962922172,889349785096,asus x541n,1,5,,
,9622080430003077142800746962922091,889349785096,asus x541n,1,5,,
,9622080430003077142800746962915067,889349785096,asus x541n,1,5,,
,9622080430003077142800746962914807,889349785096,asus x541n,1,5,,
,9622080430003077142800746962914976,889349785096,asus x541n,1,5,,
,9622080430003077142800746962922242,889349785096,asus x541n,1,5,,
,9622080430003077142800746962922140,889349785096,asus x541n,1,5,,
,9622080430003077142800746962922194,889349785096,asus x541n,1,5,,
,9612804846902396832408,,see sheer lip,1,0.5,,
,1ZEA5461YN02478094,amazon open,lancehead mouse,1,,,
,1ZV7855E0347437061,889349785096,asus x541n,1,5,,
,1ZV7855E0347436286,889349785096,asus x541n,1,5,,
,1ZV7855E0347443278,889349785096,asus x541n,1,5,,
,1ZV7855E0347446266,889349785096,asus x541n,1,5,,
,1ZV7855E0347443465,889349785096,asus x541n,1,5,,
,1ZV7855E1347476581,889349785096,asus x541n,1,5,,
,1ZV7855E1347470952,889349785096,asus x541n,1,5,,
,1ZV7855E1347470078,889349785096,asus x541n,1,5,,
,1ZV7855E1347481351,889349785096,asus x541n,1,5,,
,1ZV7855E1347502757,889349785096,asus x541n,1,5,,
,1ZV7855E1347473539,889349785096,wrong item,1,6,,
,1ZV7855E0347447845,889349785096,asus x541n,1,5,,
,1ZV7855E1347483779,889349785096,asus x541n,1,5,,
,1ZE4W1680393571749,889842213980,xboxone 1tb assassins,2,10,,
,1ZE4W1680391171014,889842213980,xboxone 1tb assassins,2,10,,
,1ZE4W1680394860550,889842213980,xboxone 1tb assassins,2,10,,
,1ZE4W1680395353141,889842213980,xboxone 1tb assassins,2,10,,
,420197019200190175136249157013,,mx 2s mouse,1,1,,
,9200190175136249332045,,mx 2s mouse,1,1,,
,4201970192748909815791571669879973,,wiiu suer mario bro,1,0.5,,
2/14,1ZR158980310137619,,mx 2s mouse,1,1,,
,1ZF1920Y0210097257,,mx 2s mouse,1,1,,
,1ZF300930210168720,,mx 2s mouse,1,1,,
,1ZR2680X0210109055,,mx 2s mouse,1,1,,
,1ZF1141Y0310165255,,mx 2s mouse,1,1,,
,1Z139F2Y0210112015,,mx 2s mouse,1,1,,
,1ZR273A80210115174,,mx 2s mouse,1,1,,
,420197019205590175136201683522,,mx 2s mouse,1,1,,
,4201970192055901795907103704181812,,mx 2s mouse,1,1,,
,4201970192001901795904120332967281,,mx 2s mouse,1,1,,
,4201970192055901795907107584970146,,mx 2s mouse,1,1,,
,1ZA40702YN07991773,,mx 2s mouse,1,1,,
,1ZR283890310137471,,mx 2s mouse,1,1,,
,1ZF46F430210131155,,mx 2s mouse,1,1,,
,1ZW490240359434033,,mx 2s mouse,1,1,,
,1ZW490240359439154,889349785096,asus x541n,1,5,,
,,,mx 2s mouse,1,1,,
,1ZW490240359452255,889349785096,asus x541n,1,5,,
,,,mx 2s mouse,1,1,,
,1ZW490240359439403,889349785096,asus x541n,1,5,,
,,,mx 2s mouse,1,1,,
,1ZW490240359439270,889349785096,asus x541n,1,5,,
,,,mx 2s mouse,1,1,,
,1ZW490240359434042,,mx 2s mouse,1,1,,
,1Z1982F80307752294,amazon new,mario maker,1,,,
,1Z305Y341201248906,,lego 10232,1,3.75,,
2/15,9622080430003077142800746962969192,,swith mario ribbon,3,,,
,9622080430003077142800746962969446,,swith mario ribbon,3,,,
,9622080430003077142800746962969354,,swith mario ribbon,3,,,
,9622080430003077142800746962969229,,swith mario ribbon,3,,,
,9622080430003077142800746962969137,,swith mario ribbon,3,,,
,9622080430003077142800746962969078,,swith mario ribbon,3,,,
,9622080430003077142800746962969115,,swith mario ribbon,3,,,
,9622080430003077142800746962969089,,swith mario ribbon,3,,,
,9622080430003077142800746962969090,,swith mario ribbon,3,,,
,1ZF4W286YN10134465,,swith mario ribbon,3,,,
,1ZF4W2860310134429,,swith mario ribbon,3,,,
,1ZV7855E0347536043,,swith mario ribbon,3,,,
,1zf381380310177625,,swith mario ribbon,3,,,
,1Z97518A0312578822,,lego 10232,3,,,
,1Z97518A0312576388,,lego 10232,1,,,
,1Z97518A0312597203,,lego 10232,3,,,
,420197019200190135711567632132,,swith legocity,2,,,
,4201970192055901795905116413877039,,swith mario ribbon,2,,,
,4201970192055901795905102206133888,,swith mario ribbon,2,,,
2/16,9622080430003077142800746962971480,,swith mario ribbon,3,,,
,4201970192055901795908110626743409,,swith mario ribbon,3,,,
,4201970192055901795905115020240793,,swith mario ribbon,3,,,
,9622080430003077142800746962970439,,swith mario ribbon,3,,,
,4201970192055901795908107254218157,,swith mario ribbon,3,,,
,4201970192055901795908107484587900,,swith mario ribbon,3,,,
,4201970192055901795908109336347854,,swith mario ribbon,3,,,
,420197019200199799653350553321,,swith mario ribbon,3,,,
,4201970192055901795908116990777422,,swith mario ribbon,3,,,
,4201970192055901795908103559790947,,swith mario ribbon,3,,,
,4201970192055901795908104858921940,,swith mario ribbon,3,,,
,4201970192055901795908105929611692,,swith mario ribbon,3,,,
,9200199799651250556855,,swith mario ribbon,3,,,
,1ZW490240359505724,,swith mario ribbon,3,,,
,1Z152Y8Y0310198216,,swith mario ribbon,3,,,
,1ZR346F7YN10128357,,swith mario ribbon,3,,,
,1ZF6913XYW10163953,,swith mario ribbon,3,,,
,1ZWF25470394252372,,swith mario ribbon,3,,,
,1ZWF25470394251024,,swith mario ribbon,3,,,
,1ZWF25470394250963,,swith mario ribbon,3,,,
,1ZWF25470394250838,,swith mario ribbon,3,,,
,1001921752150001970100406091546591,889349779637,asus fx502v,1,,,
,1001921752150001970100406091543629,889349779637,asus fx502v,2,,,
,1001921752150001970100406091544740,889349779637,asus fx502v,1,,,
,1001921752150001970100406091546396,889349779637,asus fx502v,1,,,
,1001921752150001970100406091544761,889349779637,asus fx502v,1,,,
,1001921752150001970100406091546580,889349779637,asus fx502v,1,,,
,1001921752150001970100406091546352,889349779637,asus fx502v,1,,,
,406091544897,889349779637,asus fx502v,1,,,
2/17,1015106452290001970100429898211298,,dell 8910,1,,,
,1015106452290001970100429898210659,,dell 8910,1,,,
,1015106452290001970100429898213165,,dell 8910,1,,,
,1ZR346F70310128437,,hp 15-bw011dx,1,,,
,,,swith mario ribbon,3,,,
,1Z1446950310187603,,hp 15-bw011dx,1,,,
,1ZR154E50310133389,,hp 15 bw011dx,1,,,
,1ZF664V50310168462,,hp 15 bw011dx,1,,,
,4201970192055901795908114464462348,,swith mario ribbon,2,,,
,420197019200199799733850802522,,swith mario ribbon,1,,,
,1ZY82F360346209684,,ipad 32g,2,,,
,1ZY82F360346209835,,ipad 32g,2,,,
,1ZEA54610388992064,amazon open,dell i3162-0003blu,1,好了,,
,1Z2929AE0322741811,amazon open,dell i3567-3636blk,1,不能修,,
,1ZE194580321733213,amazon new,swith blue red,1,,,
2/20,1ZF6366Y0310149521,,hp 15-bw011dx,1,,,
,1ZF6366Y0310149647,,hp 15-bw011dx,1,,,
,1ZR133V90310168574,,hp 15-bw011dx,1,,,
,,,swith mario ribbon,3,,,
,1ZF6366Y0310149487,,hp 15-bw011dx,1,,,
,1ZV7855E1347608349,,hp 15-bw011dx,1,,,
,1ZF6366Y0310149478,,hp 15-bw011dx,1,,,
,1ZRE18980310117671,,hp 15-bw011dx,1,,,
,1ZR324570310133563,,hp 15-bw011dx,1,,,
,1ZR324570310133661,,hp 15-bw011dx,1,,,
,1ZR399330310202937,,hp 15-bw011dx,1,,,
,1ZF6366Y0310149638,,hp 15-bw011dx,1,,,
,1ZF6335R0310131451,,hp 15-bw011dx,1,,,
,1ZF6366Y0310149601,,hp 15-bw011dx,1,,,
,1ZF6366Y0310149496,,hp 15-bw011dx,1,,,
,1ZF6366Y0310149423,,hp 15-bw011dx,1,,,
,1ZF6366Y0310149450,,hp 15-bw011dx,1,,,
,1Z9Y68R00333762995,,ptd 210,2,,,
,9622080430003077142800746963029400,,hp 15-bw011dx,1,,,
,9622080430003077142800746963030871,,hp 15-bw011dx,1,,,
,9622080430003077142800746963023641,,hp 15-bw011dx,1,,,
,,,swirh mario ribbons,3,,,
,9622041730002781595000429898211184,,dell xps 8910,1,,,
,9622041730002781595000429898212467,,dell xps 8910,1,,,
,9622086390002781595000429898212240,,dell xps 8910,1,,,
,9622086390002781595000429898211931,,dell xps 8910,1,,,
,9622086390002781595000429898211450,,dell xps 8910,1,,,
,9622086390002781595000429898211232,,dell xps 8910,1,,,
,9622041730002781595000429898212673,,dell xps 8910,1,,,
,88362334010008,,m325,1,,,
,88362342010008,,m325,1,,,
,88362341010008,,m325,3,,,
,88362343010008,,m325,1,,,
,420197019361289681090371965328,,playsttion vr world,1,,,
2/21,1ZV7855E0347618320,,hp 15-bw011dx,1,,,
,,,mk850,1,,,
,,,,,,,
,,,,,,,
,1ZR0951E0303162191,amazon new,swith red blue,1,,,
,1ZA0F6500306995513,,wiiu mario smash bro,3,,,
,1Z9Y68R00324420004,,ptd 600,2,,,
,1Z2929AE0322775982,amazon open,lego 10232,1,,,
,1ZEA5461YN02520457,amazon open,g600,1,,,
,1Z1982F80308542161,amazon open,raxer atheris mouse,1,,,
,1ZA1479Y0300759925,amazon open,asus x541n,1,好了,,
,,,,,,,
2/22,88387536010008,,ptd 210,2,,,
,420197019361289681090372435110,,ptd 210,2,,,
,,,ptd 600,2,,,
,420197019361289681090372440992,,ptd 600,2,,,
,420197019361289681090372475895,,ptd 600,2,,,
,1ZR0951E0303229351,,ptd 210,2,,,
,1Z1836780335597168,,ptd 210,2,,,
,420197019361289681090372486945,,ptd 210,2,,,
,,,ptd 600,2,,,
,9622080000000988133400789797803073,,mqd32,2,,,
,1ZF29Y63YN10160417,,mx 2s mouse,1,,,
,1ZEA5461YN02526666,amazon open,g402,1,,,
,1Z19VA550207375205,amazon open,k810,1,,,
,88387642010008,,ptd 210,2,,,
2/23,9622080430003077142800746963086267,,mx 2s mouse,1,,,
,,,asus x541n,1,,,
,9622080430003077142800746963078707,,mx 2s mouse,1,,,
,,,asus x541n,1,,,
,9622080430003077142800746963077090,,mx 2s mouse,1,,,
,,,asus x541n,1,,,
,9622080430003077142800746963078203,,mx 2s mouse,1,,,
,,,asus x541n,1,,,
,9622080430003077142800746963077218,,mx 2s mouse,1,,,
,,,asus x541n,1,,,
,9622080430003077142800746963078876,,mx 2s mouse,1,,,
,,,asus x541n,1,,,
,9622080430003077142800746963078821,,mx 2s mouse,1,,,
,,,asus x541n,1,,,
,9622080430003077142800746963079151,,mx 2s mouse,1,,,
,,,asus x541n,1,,,
,1ZV7855E0347740983,,asus x541n,1,,,
,1ZV7855E0347742061,,asus x541n,1,,,
2/25,9200199799688352425703,,mx 2s mouse,1,box no good need return,,
,9622080430003077124400746788648878,,asus x541n,1,,,
,9622080430003077124400746788648890,,asus x541n,1,,,
,4201970192001901795908107088187510,,mx 2s mouse,1,,,
,4201970192055901795908111142874097,,mx 2s mouse,1,,,
,4201970192055901795908100288496911,,mx 2s mouse,1,,,
,1015107253170001970100429898582792,,dell x8910,1,,,
,420197019361289681090373339585,,ptd 600,2,,,
2/26,4201970192001901795908114654974603,,mx 2s mouse,1,,,
,4201970192001901795908120129521692,,mx 2s mouse,1,,,
,4201970192001901795908119636752569,,mx 2s mouse,1,,,
,4201970192001901795908117742827546,,mx 2s mouse,1,,,
,4201970192001901795908115870760421,,mx 2s mouse,1,,,
,420197019374889681090334683050,,apple line,1,,,
,420197019361289681090374226570,,ptd 210,2,,,
,1001901753340001970100405553094725,884116278962,dell 5566,1,,,
,1001901753340001970100405553094622,884116278962,dell 5566,1,,,
,1ZV7855EYW47769946,,asus x541n,1,,,
,1ZW494600363027006,,asus x541n,1,,,
,,,mx 2s mouse,1,,,
,1ZW494600363026338,,asus x541n,1,,,
,,,mx 2s mouse,1,,,
,1ZW494600363027800,,asus x541n,1,,,
,,,mx 2s mouse,1,,,
,1ZW494600363027711,,asus x541n,1,,,
,,,mx 2s mouse,1,,,
,1ZW494600363026356,,asus x541n,1,,,
,,,mx 2s mouse,1,,,
,1ZF37Y530310129800,,asus x541n,1,,,
,,,mx 2s mouse,1,,,
,1ZV7855EYW47770014,,asus x541n,1,,,
,1ZV7855E0347770585,,asus x541n,1,,,
,1ZW494600363031144,,asus x541n,1,,,
,,,mx 2s mouse,1,,,
,1ZW494600363031260,,asus x541n,1,,,
,,,mx 2s mouse,1,,,
,1ZW494600363028710,,asus x541n,1,,,
,,,mx 2s mouse,1,,,
,1Z37579Y0221336340,,clothes,1,,,
,1Z9R433Y0223379402,,clothes,1,,,
2/27,1001901753490001970100427199501554,884116278962,dell 5566,1,,,
,9622080430003077142800746963110770,,mx 2s mouse,1,,,
,9622080430003077142800746963110861,,mx 2s mouse,1,,,
,1ZV7855EYW47784910,,asus x541n,1,,,
,1ZV7855EYW47782181,,asus x541n,1,,,
,1ZR324570310134179,,asus x541n,1,,,
,1ZR324570310134240,,asus x541n,1,,,
,,,,,,,
2/28,1ZEA54610389141463,amamzon new,g502,2,,,
,,amazon open,philip hue,1,,,
,1Z2929AE0322840946,amazon open,dell i3567-3657blk,1,,,
,1Z2FX8254200446096,,mqd32,2,,,
,1015106463920001970100429898893180,,dell inspiron 3650,1,,,
,1001901763920001970100739667124874,,dell 5566,1,,,
,1015106463920001970100429898885778,,dell inspiron 3650,1,,,
,1Z2154X20363792143,,estee lauder,1,,,
,31970159510000024207748924632010,,lamer,1,,,
,1ZV7855EYW47781922,,asusx541n,1,,,
,1Z2929AE0322862404,amazon new,razer keyboard,1,,,
,420197019274899997988742997488,,wiuu mario smah bro,3,,,
,420197019274899997988742997525,,wiuu mario smah bro,3,,,
,420197019361289681090375136823,,ptd 600,2,,,
,,,,,,,
3/1,1Z306AY14200273002,amzon new,ipad 32g gold,9,,,
,9622080430000633765500430398382400,,m325,5,,,
,1001901764220001970100427199632052,,dell 5566,1,,,
,1001901764220001970100427199632085,,dell 5566,1,,,
,1Z787Y884286463847,amazon new,xbone 1tb blk,1,,,
,,amazon open,asus fx502v,1,好了,,
,,amazon new,sonicare philip white,1,,,
,1001901760190001970100427199654403,,dell 5566,1,,,
,1Z933E6V0335962640,amazon new,ipad pro 32gb gray,1,,,
,,,,,,,
3/6,9622080000001026481000771641014417,,mqd32,1,,,
,9622080000001026481000771641553819,,mqd32,1,,,
,9622080000001026481000771641555259,,mqd32,1,,,
,9622080000001026481000771640993438,,mqd32,1,,,
,9622080000001026481000771640995533,,mqd32,1,,,
,1ZA407020308082860,,xbxone grand theft auto,3,,,
,1ZF6878X0310192745,,xbxone grand theft auto,3,,,
,,,swith marrio ribbon,3,,,
,1ZA407020308083467,,xbxone grand theft auto,3,,,
,,,swith marrio ribbon,3,,,
,1ZR120E40310117908,,xbxone grand theft auto,3,,,
,,,swith marrio ribbon,3,,,
,1ZF8030X0310143575,,xbxone grand theft auto,3,,,
,,,swith marrio ribbon,3,,,
,1ZR120E40310117891,,xbxone grand theft auto,3,,,
,,,swith marrio ribbon,3,,,
,1ZA407020308083501,,xbxone grand theft auto,3,,,
,,,swith marrio ribbon,3,,,
,9622080430000633765500430398420380,,m325,5,,,
,1ZE194584200114992,,ipad 32g gray,7,,,
,9622080430000633765500430398399391,,m325,5,,,
,,,,,,,
3/7,9622080000000988133400789876225580,,mqd32,2,,,
,1Z3Y55R24220728240,amazon new,hp 15cc178cl,4,,,
3/8,1ZF6924Y0310159210,,xbxone grand theft auto,3,,,
,,,swith marrio ribbon,3,,,
,1ZA407020308084037,,xbxone grand theft auto,3,,,
,,,swith marrio ribbon,3,,,
,1ZF54A630310138912,,xbxone grand theft auto,3,,,
,,,swith marrio ribbon,3,,,
,1ZF664V50310171814,,xbxone grand theft auto,3,,,
,,,swith marrio ribbon,3,,,
,1ZF6924Y0310159229,,xbxone grand theft auto,3,,,
,,,swith marrio ribbon,3,,,
,1ZR15A630310158897,,xbxone grand theft auto,3,,,
,,,swith marrio ribbon,3,,,
,1001901760770001970100739667294038,884116278962,dell 5566,1,,,
,1001901760770001970100739667294027,884116278962,dell 5566,1,,,
,1ZEA54610389316177,amazon open,philip sonicare,2,,,
,1Z9V53854228899498,amazon new,ipad pro 32g gray,5,,,
,1Z1982F80310070121,amazon open,mac lip,1,,,
,1Z602F9A0359427903,amazon new,dell s2817q,2,,,
,1Z602F9A0359427921,amazon new,dell s2817q,2,,,
,1Z602F9A0359424755,amazon new,dell s2817q,2,,,
,1Z602F9A0359424719,amazon new,dell s2817q,2,,,
,,,,,,,
3/9,1ZR1361X0310204386,,xbxone grand therf auto,1,,,
,1ZR1361X0310204395,,xbxone grand therf auto,1,,,
,,,swith mario ribbon,3,,,
,420197019200199799679956777220,,xbxone grand therf auto,1,,,
,771650832879,,mqd32,2,,,
,,,,,,,
3/12,31970167310000024128366963202015,,confession lip,4,,,
,9622080430003077142800746963280117,,xbxone grand therf auto,3,,,
,9622080430003077142800746963285336,,xbxone grand therf auto,3,,,