 date,TRACKING,UPC,ITEM,QTY,单价,,fee,,,
8/1,1ZA1690V0345428966,191376660810,lenovo ideapad 110-151sk,1,,5,,,,
,1Z4785W00387582090,191376660810,lenovo ideapad 110-151sk,1,,5,,,,
,1ZA1690V0345431596,191376660810,lenovo ideapad 110-151sk,1,,5,,,,
,1Z4785W00387586112,191376660810,lenovo ideapad 110-151sk,1,,5,,,,
,1ZA1690V0345428984,191376660810,lenovo ideapad 110-151sk,1,,5,,,,
,1ZA1690V0345428760,191376660810,lenovo ideapad 110-151sk,1,,5,,,,
,1ZA1690V0345432620,191376660810,lenovo ideapad 110-151sk,1,,5,,,,
,1ZA1690V0345427734,191376660810,lenovo ideapad 110-151sk,1,,5,,,,
,1Z4785W00387582616,191376660810,lenovo ideapad 110-151sk,1,,5,,,,
,1Z4785W00387582607,191376660810,lenovo ideapad 110-151sk,1,,5,,,,
,1ZA1690V0345431907,191376660810,lenovo ideapad 110-151sk,1,,5,,,,
,1Z4785W00387582554,191376660810,lenovo ideapad 110-151sk,1,,5,,,,
,1Z4785W00387582125,191376660810,lenovo ideapad 110-151sk,1,,5,,,,
,1ZA1690V0345432871,191376660810,lenovo ideapad 110-151sk,1,,5,,,,
,1Z4785W00387582107,191376660810,lenovo ideapad 110-151sk,1,,5,,,,
,1Z4785W00387582134,191376660810,lenovo ideapad 110-151sk,1,,5,,,,
,1Z4785W00387582143,191376660810,lenovo ideapad 110-151sk,1,,5,,,,
,1ZA1690V0345432844,191376660810,lenovo ideapad 110-151sk,1,,5,,,,
,1ZA1690V0345432611,191376660810,lenovo ideapad 110-151sk,1,,5,,,,
,1ZA1690V0345432899,191376660810,lenovo ideapad 110-151sk,1,,5,,,,
,1ZA1690V0345432924,191376660810,lenovo ideapad 110-151sk,1,,5,,,,
,1ZA1690V0345431989,191376660810,lenovo ideapad 110-151sk,1,,5,,,,
,1ZA1690V0345427770,191376660810,lenovo ideapad 110-151sk,1,,5,,,,
,1ZA1690V0345431952,191376660810,lenovo ideapad 110-151sk,1,,5,,,,
,1ZA1690V0345432853,191376660810,lenovo ideapad 110-151sk,1,,5,,,,
,1ZA1690V0345429572,191376660810,lenovo ideapad 110-151sk,1,,5,,,,
,1ZA1690V0345429732,191376660810,lenovo ideapad 110-151sk,1,,5,,,,
,1ZA1690V0345431587,191376660810,lenovo ideapad 110-151sk,1,,5,,,,
,1ZA1690V0345427494,191376660810,lenovo ideapad 110-151sk,1,,5,,,,
,1ZA1690V0345427421,191376660810,lenovo ideapad 110-151sk,1,,5,,,,
,1ZA1690V0345427485,191376660810,lenovo ideapad 110-151sk,1,,5,,,,
,1ZA1690V0345427501,191376660810,lenovo ideapad 110-151sk,1,,5,,,,
,1ZA1690V0345429625,191376660810,lenovo ideapad 110-151sk,1,,5,,,,
,1ZA1690V0345429741,191376660810,lenovo ideapad 110-151sk,1,,5,,,,
,1ZA1690V0345431578,191376660810,lenovo ideapad 110-151sk,1,,5,,,,
,1ZA1690V0345427789,191376660810,lenovo ideapad 110-151sk,1,,5,,,,
,1ZA1690V0345427412,191376660810,lenovo ideapad 110-151sk,1,,5,,,,
,1ZA1690V0345432586,191376660810,lenovo ideapad 110-151sk,1,,5,,,,
,1ZA1690V0345432684,191376660810,lenovo ideapad 110-151sk,1,,5,,,,
,1ZA1690V0345432880,191376660810,lenovo ideapad 110-151sk,1,,5,,,,
,1ZA1690V0345428699,191376660810,lenovo ideapad 110-151sk,1,,5,,,,
,1ZA1690V0345432915,191376660810,lenovo ideapad 110-151sk,1,,5,,,,
,1ZA1690V0345430551,191376660810,lenovo ideapad 110-151sk,1,,5,,,,
,1ZA1690V0345432719,191376660810,lenovo ideapad 110-151sk,1,,5,,,,
,1ZA1690V0345429581,191376660810,lenovo ideapad 110-151sk,1,,5,,,,
,1ZA1690V0345432184,191376660810,lenovo ideapad 110-151sk,1,,5,,,,
,1ZA1690V0345431943,191376660810,lenovo ideapad 110-151sk,1,,5,,,,
,1ZA1690V0345429750,191376660810,lenovo ideapad 110-151sk,1,,5,,,,
,1ZA1690V0345432120,191376660810,lenovo ideapad 110-151sk,1,,5,,,,
,1ZA1690V0345427510,191376660810,lenovo ideapad 110-151sk,1,,5,,,,
,1ZA1690V0345432737,191376660810,lenovo ideapad 110-151sk,1,,5,,,,
,1ZA1690V0345432862,191376660810,lenovo ideapad 110-151sk,1,,5,,,,
,1Z4785W00387582625,191376660810,lenovo ideapad 110-151sk,1,,5,,,,
,1ZA1690V0345432166,191376660810,lenovo ideapad 110-151sk,1,,5,,,,
,1ZA1690V0345432906,191376660810,lenovo ideapad 110-151sk,1,,5,,,,
,1Z4785W00387586014,191376660810,lenovo ideapad 110-151sk,1,,5,,,,
,1Z4785W00387586023,191376660810,lenovo ideapad 110-151sk,1,,5,,,,
,1Z4785W00387586256,191376660810,lenovo ideapad 110-151sk,1,,5,,,,
,1ZA1690V0345428466,191376660810,lenovo ideapad 110-151sk,1,,5,,,,
,1ZA1690V0345428993,191376660810,lenovo ideapad 110-151sk,1,,5,,,,
,1ZA1690V0345427430,191376660810,lenovo ideapad 110-151sk,1,,5,,,,
,1ZA1690V0345432095,191376660810,lenovo ideapad 110-151sk,1,,5,,,,
,1ZA1690V0345427403,191376660810,lenovo ideapad 110-151sk,1,,5,,,,
,1ZA1690V0345432157,191376660810,lenovo ideapad 110-151sk,1,,5,,,,
,1Z4785W00387586345,191376660810,lenovo ideapad 110-151sk,1,,5,,,,
,1ZA1690V0345432577,191376660810,lenovo ideapad 110-151sk,1,,5,,,,
,,,,66,,,,,,
,,,,,,,,,,
,,,,,,,,,,
,1ZR340V30310069684,889349488454,asus q524u,1,,8,,,,
,1ZW490241351487348,889349488454,asus q524u,1,,8,,,,
,1001901764240001970100746115451395,889349488454,asus q524u,1,,8,,,,
,1001901764240001970100746115451730,889349488454,asus q524u,1,,8,,,,
,1001901764240001970100746115451167,889349488454,asus q524u,1,,8,,,,
,1ZR315380310078677,889349488454,asus q524u,1,,8,,,,
,1001901764240001970100746115450664,889349488454,asus q524u,1,,8,,,,
,1001901764240001970100746115451498,889349488454,asus q524u,1,,8,,,,
,1Z2929AE0320534441,amazon open,hp 27es,1,,,,,,
,6821226964709,191376660810,lenovo ideapad 110-151sk,1,,5,,,,
,6821226964761,191376660810,lenovo ideapad 110-151sk,1,,5,,,,
,6821226964785,191376660810,lenovo ideapad 110-151sk,1,,5,,,,
,6821226964839,191376660810,lenovo ideapad 110-151sk,1,,5,,,,
8/2,1Z9AR5890350181254,12502639411,ptd600,2,,2.5,,,,
,1Z9AR5890350181263,12502639411,ptd600,2,,2.5,,,,
,1Z9AR5890350181316,12502639411,ptd600,2,,2.5,,,,
,1Z9AR5890350181245,12502639411,ptd600,2,,2.5,,,,
,1Z9AR5890350181281,12502639411,ptd600,2,,2.5,,,,
,1ZA005F80358189486,12502639411,ptd600,1,,1.25,,,,
,1Z9AR5890350181343,12502639411,ptd600,2,,2.5,,,,
,1Z9AR5890350181361,12502639411,ptd600,2,,2.5,,,,
,1Z9AR5890350181370,12502639411,ptd600,2,,2.5,,,,
,1Z9AR5890350181389,12502639411,ptd600,2,,2.5,,,,
,1Z9AR5890350181352,12502639411,ptd600,2,,2.5,,,,
,1Z9AR5890350193465,12502639411,ptd600,2,,2.5,,,,
,1Z9AR5890350181272,12502639411,ptd600,2,,2.5,,,,
,1Z9AR5890350193483,12502639411,ptd600,2,,2.5,,,,
,1Z9AR5890350193590,12502639411,ptd600,2,,2.5,,,,
,1Z9AR5890350193358,12502639411,ptd600,2,,2.5,,,,
,1z9ar5890350181334,12502639411,ptd600,2,,2.5,,,,
,1Z9AR5890350181325,12502639411,ptd600,2,,2.5,,,,
,1Z9AR5890350193581,12502639411,ptd600,2,,2.5,,,,
,,,,,,,,,,
,,,,,,,,,,
,1ZV7855E0336074358,884116256595,dell i7579-7595gry,1,,8,,,,
,1ZV7855E0336068972,884116256595,dell i7579-7595gry,1,,8,,,,
,1ZV7855E0336073297,884116256595,dell i7579-7595gry,1,,8,,,,
,1ZA1690V0345501671,191376660810,lenovo ideapad 110-151sk,1,,5,,,,
,1ZV7855E0336070414,884116256595,dell i7579-7595gry,1,,8,,,,
,1ZW493040341430889,889349488454,asus q524u,1,,8,,,,
,1ZV7855E0336073028,884116256595,dell i7579-7595gry,1,,8,,,,
,1ZV7855E0336074689,884116256571,dell i7378-7571gry,1,,8,,,,
,1ZV7855E0336068007,884116256571,dell i7378-7571gry,1,,8,,,,
,1ZV7855E0336066063,884116256595,dell i7579-7595gry,1,,8,,,,
,1ZV7855E0336083231,884116256571,dell i7378-7571gry,1,,8,,,,
,1ZV7855E0336067679,884116256571,dell i7378-7571gry,1,,8,,,,
,1ZV7855E0336071502,884116256595,dell i7579-7595gry,1,,8,,,,
,1ZV7855E0336076187,884116256595,dell i7579-7595gry,1,,8,,,,
,1ZV7855E0336070370,884116256595,dell i7579-7595gry,1,,8,,,,
,1ZW493040341431548,889349488454,asus q524u,1,,8,,,,
,1Z2929AE0320541022,amazon open,aspire r5-571t-57z0,1,好了,,20,,,
8/3,1Z0AE6170357128149,12502639411,ptd600,2,,2.5,,,,
,1ZA1690V0345589882,191376660810,lenovo ideapad 110-151sk,1,,5,,,,
,1ZV7855E0336101005,884116256595,dell i7579-7595gry,1,,8,,,,
,1ZV7855E0336111898,884116256595,dell i7579-7595gry,1,,8,,,,
,1ZR32R070310088831,884116256571,dell i7378-7571gry,1,,8,,,,
,1ZV7855E0336101087,884116256595,dell i7579-7595gry,1,,8,,,,
,1ZA1690V0345589891,191376660810,lenovo ideapad 110-151sk,1,,5,,,,
,1ZV7855E0336099224,884116256595,dell i7579-7595gry,1,,8,,,,
,1Z0AE6170357128194,12502639411,ptd600,2,,2.5,,,,
,1Z3Y09F10311030049,amazon new,hp 17 ak013dx,2,,,,,,
,1Z787Y880383390361,amzon open,xboxone 2tb grea war,1,,,,,,
,,,hp 17-116dx,1,,,,,,
,1Z787Y880383373193,amazon open,hp 360 m1-u001dx,1,好了,,20,,,
8/4,1ZA1690V0345645918,191376660810,lenovo ideapad 110-151sk,1,,5,,,,
,1ZA1690V0345645801,191376660810,lenovo ideapad 110-151sk,1,,5,,,,
,1ZA1690V0345645678,191376660810,lenovo ideapad 110-151sk,1,,5,,,,
,1ZA1690V0345645669,191376660810,lenovo ideapad 110-151sk,1,,5,,,,
,,,,,,,,,,
8/7,1ZA491F50351725647,191376660810,lenovo ideapad 110-151sk,1,,5,,,,
,1ZA491F50351725638,191376660810,lenovo ideapad 110-151sk,1,,5,,,,
,1ZA491F50351725585,191376660810,lenovo ideapad 110-151sk,1,,5,,,,
,1ZA491F50351725610,191376660810,lenovo ideapad 110-151sk,1,,5,,,,
,1ZA491F50351725629,191376660810,lenovo ideapad 110-151sk,1,,5,,,,
,1ZEA54610385380284,amazon open,lenovo thinkpad 11e 3rd gen,1,好了,,20,,,
,1Z787Y884283415332,amazon open,dell xps9560-5000slv-pus,1,不用修,,,,,
8/8,1ZR13884YW10186417,884116274629,dell i3567-3629blk pus,1,,7.5,,,,
,1ZR13394YW10147959,884116274629,dell i3567-3629blk pus,1,,7.5,,,,
,1ZR13884YW10186382,884116274629,dell i3567-3629blk pus,1,,7.5,,,,
,1ZA491F50351739356,191376660810,lenovo ideapad 110-151sk,1,,5,,,,
,1ZA491F50351739445,191376660810,lenovo ideapad 110-151sk,1,,5,,,,
,1ZA491F50351739392,191376660810,lenovo ideapad 110-151sk,1,,5,,,,
,1ZA491F50351739507,191376660810,lenovo ideapad 110-151sk,1,,5,,,,
,1ZA491F50351739310,191376660810,lenovo ideapad 110-151sk,1,,5,,,,
,1ZF339630310114180,889842118858,xboxone 500gb battlefield,1,,5,,,,
,1ZR3047AYW10104971,884116274629,dell i3567-3629blk pus,1,,7.5,,,,
,1ZR138840310186424,889842118858,xboxone 500gb battlefield,1,,5,,,,
,1ZR138840310186406,889842118858,xboxone 500gb battlefield,1,,5,,,,
,1zf4f3390310128609,884116274629,dell i3567-3629blk pus,1,,7.5,,,,
,1ZF204090310099410,889842118858,xboxone 500gb battlefield,1,,5,,,,
,1ZF20409YW10099430,884116274629,dell i3567-3629blk pus,1,,7.5,,,,
,1ZF4F3390310128574,889842118858,xboxone 500gb battlefield,1,,5,,,,
,1ZA40702YW06707824,884116274629,dell i3567-3629blk pus,1,,7.5,,,,
,1ZF33963YW10114173,884116274629,dell i3567-3629blk pus,1,,7.5,,,,
,1ZR133940310147966,889842118858,xboxone 500gb battlefield,1,,5,,,,
,1ZR3047A0310104997,889842118858,xboxone 500gb battlefield,1,,5,,,,
,1ZF7838X0310114576,889842118858,xboxone 500gb battlefield,1,,5,,,,
,,,,,,,,,,
8/9,1ZW494600353502485,889842118858,xboxone 500gb battlefield,1,,5,,,,
,1ZF38138YW10144957,884116274629,dell i3567-3629blk pus,1,,7.5,,,,
,1ZF8068Y0310124741,889842118858,xboxone 500gb battlefield,1,,5,,,,
,,884116274629,dell i3567-3629blk pus,1,,7.5,,,,
,1ZF344930310112142,884116274629,dell i3567-3629blk pus,1,,7.5,,,,
,1ZA40702YW06713871,884116274629,dell i3567-3629blk pus,1,,7.5,,,,
,1ZA40702YW06713924,884116274629,dell i3567-3629blk pus,1,,7.5,,,,
,1ZW494600353500432,884116274629,dell i3567-3629blk pus,1,,7.5,,,,
,1ZR27631YW10118365,884116274629,dell i3567-3629blk pus,1,,7.5,,,,
,1ZA407020306711657,889842118858,xboxone 500gb battlefield,1,,5,,,,
,1ZA407020306711773,889842118858,xboxone 500gb battlefield,1,,5,,,,
,1ZV7855E0336269282,889842118858,xboxone 500gb battlefield,1,,5,,,,
,1ZF339630310114288,889842118858,xboxone 500gb battlefield,1,,5,,,,
,1ZF381380310144946,889842118858,xboxone 500gb battlefield,1,,5,,,,
,1ZA407020306711906,889842118858,xboxone 500gb battlefield,1,,5,,,,
,1ZF344930310112133,889842118858,xboxone 500gb battlefield,1,,5,,,,
,1ZF339630310114297,884116274629,dell i3567-3629blk pus,1,,7.5,,,,
,1ZV7855E0336208605,889842118858,xboxone 500gb battlefield,1,,5,,,,
,1ZV7855E0336231786,884116274629,dell i3567-3629blk pus,1,,7.5,,,,
,1ZV7855E0336244530,884116274629,dell i3567-3629blk pus,1,,7.5,,,,
,1ZV7855E0336238949,884116274629,dell i3567-3629blk pus,1,,7.5,,,,
,1ZV7855E0336232445,884116274629,dell i3567-3629blk pus,1,,7.5,,,,
,1ZR133940310148018,889842118858,xboxone 500gb battlefield,1,,5,,,,
,1ZV7855E0336269915,889842118858,xboxone 500gb battlefield,1,,5,,,,
,1ZV7855E0336268890,889842118858,xboxone 500gb battlefield,1,,5,,,,
,1ZV7855E0336269577,889842118858,xboxone 500gb battlefield,1,,5,,,,
,1ZV7855E0336233739,884116274629,dell i3567-3629blk pus,1,,7.5,,,,
,1ZR13394YW10148001,884116274629,dell i3567-3629blk pus,1,,7.5,,,,
,,,,,,,,,,
,,,,,,,,,,
,,,,,,,,,,
,,,,,,,,,,
,,,,,,,,,,
,,,ptd 600,91+2=93,,,,,,
,,,,,,,,,,
8/10,4201970192612999951945571003038500,884116274629,dell i3567-3629blk pus,1,,7.5,,,,
,1ZV7855E1336311591,889842118858,xboxone 500gb battlefield,1,,5,,,,
,1ZR323110310120404,889842118858,xboxone 500gb battlefield,1,,5,,,,
,1ZR346760310107489,889842118858,xboxone 500gb battlefield,1,,5,,,,
,1ZA40702YW06721719,884116274629,dell i3567-3629blk pus,1,,7.5,,,,
,1ZR26Y23YW10075954,884116274629,dell i3567-3629blk pus,1,,7.5,,,,
,1ZA40702YW06718947,884116274629,dell i3567-3629blk pus,1,,7.5,,,,
,1ZR32311YW10120415,884116274629,dell i3567-3629blk pus,1,,7.5,,,,
,1ZR346760310107443,884116274629,dell i3567-3629blk pus,1,,7.5,,,,
,1ZF4R9450310115910,884116274629,dell i3567-3629blk pus,1,,7.5,,,,
,1ZA407020306721440,889842118858,xboxone 500gb battlefield,1,,5,,,,
,1ZR26Y230310075943,889842118858,xboxone 500gb battlefield,1,,5,,,,
,1ZA407020306718954,889842118858,xboxone 500gb battlefield,1,,5,,,,
,1ZF4R9450310115901,889842118858,xboxone 500gb battlefield,1,,5,,,,
,9612804278616918335272,719192613621,lg 34um60,1,,6.5,,,,
,1015106471220001970100744924054630,G0WVHK2,dell inspirin 3650,1,,8,,,,
8/11,1ZR154E50310103438,889842118858,xboxone 500gb battlefield,1,,5,,,,
,1ZR294Y80310088472,889842118858,xboxone 500gb battlefield,1,,5,,,,
,1ZF4R9450310115938,889842118858,xboxone 500gb battlefield,1,,5,,,,
,1ZF339630310114608,889842118858,xboxone 500gb battlefield,1,,5,,,,
,1ZF7238X0310140427,889842118858,xboxone 500gb battlefield,1,,5,,,,
,1ZF4R9450310116026,889842118858,xboxone 500gb battlefield,1,,5,,,,
,1ZRA21530310115338,889842118858,xboxone 500gb battlefield,1,,5,,,,
,1ZF4R9450310115947,889842118858,xboxone 500gb battlefield,1,,5,,,,
,1ZR346760310107514,889842118858,xboxone 500gb battlefield,1,,5,,,,
,1ZF7238XYW10140410,884116274629,dell i3567-3629blk pus,1,,7.5,,,,
,1ZF4R945YW10116091,884116274629,dell i3567-3629blk pus,1,,7.5,,,,
,1ZF4R945YW10116055,884116274629,dell i3567-3629blk pus,1,,7.5,,,,
,1ZF33963YW10114628,884116274629,dell i3567-3629blk pus,1,,7.5,,,,
,1ZF4R945YW10116108,884116274629,dell i3567-3629blk pus,1,,7.5,,,,
,1ZRA2153YW10115385,884116274629,dell i3567-3629blk pus,1,,7.5,,,,
,1ZV7855E0336316515,884116274629,dell i3567-3629blk pus,1,,7.5,,,,
,1ZR324570310109401,889842118858,xboxone 500gb battlefield,1,,5,,,,
,1ZR324570310109410,884116274629,dell i3567-3629blk pus,1,,7.5,,,,
,1ZR3A9300310103127,889842118858,xboxone 500gb battlefield,1,,5,,,,
,9612804278616918335036,719192613621,lg 34um60,2,,13,,,,
,9612804278616918335012,719192613621,lg 34um60,2,,13,,,,
,1ZR294Y8YW10088465,884116274629,dell i3567-3629blk pus,1,,7.5,,,,
,1ZR133940310148223,889842118858,xboxone 500gb battlefield,1,,5,,,,
,1ZR154E5YW10103421,884116274629,dell i3567-3629blk pus,1,,7.5,,,,
,1ZR154E5YW10103449,884116274629,dell i3567-3629blk pus,1,,7.5,,,,
,1ZR3A9300310103136,884116274629,dell i3567-3629blk pus,1,,7.5,,,,
,1ZR13394YW10148216,884116274629,dell i3567-3629blk pus,1,,7.5,,,,
,1ZR154E50310103456,889842118858,xboxone 500gb battlefield,1,,5,,,,
,1ze4w1684295311541,190576526513,lenovo ideapad310-15abr,2,,15,,,,
,,889842118858,xboxone 500gb battlefield,2,,10,,,,
,,887256022631,xboxone chost recon dics,2,,,,,,
,1Z2FW1330335980701,amazon open,asus q304u,1,,,,,,
,4201970192612999951945571054043263,884116274629,dell i3567-3629blk pus,1,,7.5,,,,
8/12,1001902971520001970100746952130226,889842118858,xboxone 500gb battlefield,1,,5,,,,
8/14,1Z0X118A4248673442,884116269922,dell xps 台式,1,,8,,,,
,1Z0X118A4202796262,884116269922,dell xps 台式,1,,8,,,,
,1Z152V010310108996,889842118858,xboxone 500gb battlefield,1,,5,,,,
,1Z152V01YW10108970,884116274629,dell i3567-3629blk pus,1,,7.5,,,,
,1ZE4W1684290965694,887256022631,xboxone chost recon dics,3,,2,,,,
,,889842084320,xboxone white control,3,,2,,,,
,,889842118858,xboxone 500gb battlefield,3,,15,,,,
,1ZEA5461YN01673188,amazon new,61xl,1,,,,,,
,1015106471540001970100746905578476,5QZ2JK2,dell inspirin 3650,1,,8,,,,
,4201970192055901795900608856354703,884116274629,dell i3567-3629blk pus,1,,7.5,,,,
8/14,6821231560507,884116215967,dell s2817q,1,,7,,,,
,6821231560408,884116215967,dell s2817q,1,,7,,,,
,6821231560415,884116215967,dell s2817q,1,,7,,,,
,6821231560262,884116215967,dell s2817q,1,,7,,,,
,6821231560446,884116215967,dell s2817q,1,,7,,,,
,6821231560330,884116215967,dell s2817q,1,,7,,,,
,6821231560378,884116215967,dell s2817q,1,,7,,,,
,6821231560323,884116215967,dell s2817q,1,,7,,,,
,6821231560545,884116215967,dell s2817q,1,,7,,,,
,6821231560347,884116215967,dell s2817q,1,,7,,,,
,6821231560538,884116215967,dell s2817q,1,,7,,,,
,6821231560309,884116215967,dell s2817q,1,,7,,,,
,6821231560491,884116215967,dell s2817q,1,,7,,,,
,6821231560422,884116215967,dell s2817q,1,,7,,,,
,6821231560293,884116215967,dell s2817q,1,,7,,,,
,6821231561016,884116215967,dell s2817q,1,,7,,,,
,6821231560668,884116215967,dell s2817q,1,,7,,,,
,6821231560682,884116215967,dell s2817q,1,,7,,,,
,6821231560316,884116215967,dell s2817q,1,,7,,,,
,6821231560279,884116215967,dell s2817q,1,,7,,,,
,6821231560521,884116215967,dell s2817q,1,,7,,,,
,6821231560392,884116215967,dell s2817q,1,,7,,,,
,6821231560286,884116215967,dell s2817q,1,,7,,,,
,6821231560354,884116215967,dell s2817q,1,,7,,,,
,6821231560484,884116215967,dell s2817q,1,,7,,,,
,6821231560675,884116215967,dell s2817q,1,,7,,,,
,6821231560477,884116215967,dell s2817q,1,,7,,,,
,6821231560552,884116215967,dell s2817q,1,,7,,,,
,6821231560361,884116215967,dell s2817q,1,,7,,,,
,6821231560439,884116215967,dell s2817q,1,,7,,,,
,6821231560514,884116215967,dell s2817q,1,,7,,,,
,6821231560453,884116215967,dell s2817q,1,,7,,,,
,6821231560699,884116215967,dell s2817q,1,,7,,,,
,6821231560460,884116215967,dell s2817q,1,,7,,,,
,6821231560385,884116215967,dell s2817q,1,,7,,,,
,6821231561009,884116215967,dell s2817q,1,,7,,,,
,,,,36,,,,,,
,1ZRA21530310115650,889842118858,xboxone 500gb battlefield,1,,5,,,,
,1Z787Y880383555460,amamzon open,acer s240hl,2,,,,,,
,1z787y880383513577,amamzon open,acer s240hl,1,,,,,,
,1ZRA21530310115641,889842118858,xboxone 500gb battlefield,1,,5,,,,
,1zr1207v0310125016,889842118858,xboxone 500gb battlefield,1,,5,,,,
,1Z4785W00388122254,,ptd600,2,,2.5,,,,
,1ZR1207VYW10125009,884116274629,dell i3567-3629blk pus,1,,7.5,,,,
,1ZR27852YW10126563,884116274629,dell i3567-3629blk pus,1,,7.5,,,,
,1Z08E76V0310109621,889842118858,xboxone 500gb battlefield,1,,5,,,,
,1ZR153980310140221,889842118858,xboxone 500gb battlefield,1,,5,,,,
,1Z08E76VYW10109632,884116274629,dell i3567-3629blk pus,1,,7.5,,,,
,1ZR15398YW10140198,884116274629,dell i3567-3629blk pus,1,,7.5,,,,
,1Z08E76VYW10109650,884116274629,dell i3567-3629blk pus,1,,7.5,,,,
,1ZRA2153YW10115661,884116274629,dell i3567-3629blk pus,1,,7.5,,,,
,1ZR278520310126605,889842118858,xboxone 500gb battlefield,1,,5,,,,
,1Z08E76V0310109649,889842118858,xboxone 500gb battlefield,1,,5,,,,
,1ZRA2153YW10115670,884116274629,dell i3567-3629blk pus,1,,7.5,,,,
,1Z4785W00388111908,884116215967,dell s2817q,1,,7,,,,
,1Z4785W00388111819,884116215967,dell s2817q,1,,7,,,,
,1Z4785W00388111873,884116215967,dell s2817q,1,,7,,,,
,1Z4785W00388111855,884116215967,dell s2817q,1,,7,,,,
,1Z4785W00388111891,884116215967,dell s2817q,1,,7,,,,
,1Z4785W00388111800,884116215967,dell s2817q,1,,7,,,,
,1Z4785W00388111837,884116215967,dell s2817q,1,,7,,,,
,1Z4785W00388111828,884116215967,dell s2817q,1,,7,,,,
,1Z4785W00388111793,884116215967,dell s2817q,1,,7,,,,
,1Z4785W00388111846,884116215967,dell s2817q,1,,7,,,,
,1Z4785W00388111784,884116215967,dell s2817q,1,,7,,,,
,1Z4785W00388111882,884116215967,dell s2817q,1,,7,,,,
,1Z4785W00388111864,884116215967,dell s2817q,1,,7,,,,
,,,,13,,,,,,
,1z3y16f60302981534,889349458648,asus gtx1070,1,,8,,,,
,1Z787Y880383511248,amazon open,samsung se310,1,,,,,,
8/16,1ZV7855E0336417095,191376215195,lenovo yoga 720-131kb,1,,8,,,,
,1ZV7855E0336415980,191376215195,lenovo yoga 720-131kb,1,,8,,,,
,1Z4785W00388142858,884116064244,dell u2412m,1,,3.75,,,,
,1ZV7855E0336418147,191376215195,lenovo yoga 720-131kb,1,,8,,,,
,1ZWF25470384228097,191376215195,lenovo yoga 720-131kb,1,,8,,,,
,1ZV7855E0336416130,191376215195,lenovo yoga 720-131kb,1,,8,,,,
,1ZV7855E0336418058,191376215195,lenovo yoga 720-131kb,1,,8,,,,
,1ZV7855E0336389849,191376215195,lenovo yoga 720-131kb,1,,8,,,,
,1ZA40702YW06736507,191376215195,lenovo yoga 720-131kb,1,,8,,,,
,1ZV7855E0336434843,191376215195,lenovo yoga 720-131kb,1,,8,,,,
,1ZV7855E0336421277,191376215195,lenovo yoga 720-131kb,1,,8,,,,
,1ZV7855E0336418398,191376215195,lenovo yoga 720-131kb,1,,8,,,,
,1ZV7855E0336405679,191376215195,lenovo yoga 720-131kb,1,,8,,,,
,1z602f9a0354708832,amazon new,hp x360 m3-u101dx,1,,,,,,
,1Z4785W00388154274,884116064244,dell u2412m,1,,3.75,,,,
,1Z4785W00388154283,884116064244,dell u2412m,1,,3.75,,,,
,1Z4785W00388142894,884116064244,dell u2412m,1,,3.75,,,,
,1Z4785W00388142867,884116064244,dell u2412m,1,,3.75,,,,
,1Z4785W00388142885,884116064244,dell u2412m,1,,3.75,,,,
,1Z4785W00388154292,884116064244,dell u2412m,1,,3.75,,,,
,1Z4785W00388142876,884116064244,dell u2412m,1,,3.75,,,,
,1Z3Y16F60302982579,889349458648,asus gtx1070,1,,8,,,,
,1ZA3170W0342475806,889349458648,asus gtx1070,1,,8,,,,
,1Z3Y16F60302984460,889349458648,asus gtx1070,1,,8,,,,
,1ZA3170W0342485386,889349458648,asus gtx1070,1,,8,,,,
,420197019361289681090250164507,889349458648,asus gtx1070,1,,8,,,,
,420197019361289681090250166174,889349458648,asus gtx1070,1,,8,,,,
,420197019361289681090250164545,889349458648,asus gtx1070,1,,8,,,,
,420197019361289681090250165078,889349458648,asus gtx1070,1,,8,,,,
,1Z2929AE0320679876,amamzon open,acer s240hl,2,,,,,,
,420197019361289681090250105159,889349458648,asus gtx1070,1,,8,,,,
,420197019361289681090250105418,889349458648,asus gtx1070,1,,8,,,,
,9361289681090250106873,889349458648,asus gtx1070,1,,8,,,,
,420197019361289681090250104619,889349458648,asus gtx1070,1,,8,,,,
,420197019361289681090250103919,889349458648,asus gtx1070,1,,8,,,,
,9361289681090250107986,889349458648,asus gtx1070,1,,8,,,,
,420197019361289681090250103131,889349458648,asus gtx1070,1,,8,,,,
,1Z3Y16F60302984504,889349458648,asus gtx1070,1,,8,,,,
,forgot scan,889349458648,asus gtx1070,1,,8,,,,
,1z787y880383580932,amazon open,dell i7579 7171gry,1,好了,,20,,,
,6821231886645,884116064244,dell u2412m,1,,3.75,,,,
,6821231885525,884116064244,dell u2412m,1,,3.75,,,,
,6821231885440,884116064244,dell u2412m,1,,3.75,,,,
,6821231885280,884116064244,dell u2412m,1,,3.75,,,,
,6821231885464,884116064244,dell u2412m,1,,3.75,,,,
,6821231885266,884116064244,dell u2412m,1,,3.75,,,,
,6821231886607,884116064244,dell u2412m,1,,3.75,,,,
,6821231885426,884116064244,dell u2412m,1,,3.75,,,,
,6821231964565,884116064244,dell u2412m,1,,3.75,,,,
,6821231885495,884116064244,dell u2412m,1,,3.75,,,,
,6821231933677,884116064244,dell u2412m,1,,3.75,,,,
,6821231885297,884116064244,dell u2412m,1,,3.75,,,,
,6821231885273,884116064244,dell u2412m,1,,3.75,,,,
,6821231964510,884116064244,dell u2412m,1,,3.75,,,,
,6821231933622,884116064244,dell u2412m,1,,3.75,,,,
,6821231885310,884116064244,dell u2412m,1,,3.75,,,,
,6821231885334,884116064244,dell u2412m,1,,3.75,,,,
,,,,17,,,,,,
,6821232147493,884116215967,dell s2817q,1,,7,,,,
,6821232147509,884116215967,dell s2817q,1,,7,,,,
,6821232147486,884116215967,dell s2817q,1,,7,,,,
,6821232147479,884116215967,dell s2817q,1,,7,,,,
8/17,1ZWF25470384256084,191376215195,lenovo yoga 720-131kb,1,,8,,,,
,1ZW490240351767831,191376215195,lenovo yoga 720-131kb,1,,8,,,,
,1zrrx46430310149144,191376215195,lenovo yoga 720-131kb,1,,8,,,,
,1ZA491F50352077499,884116064244,dell u2412m,1,,3.75,,,,
,1ZA491F50352055646,884116064244,dell u2412m,1,,3.75,,,,
,1ZA491F50352055664,884116064244,dell u2412m,1,,3.75,,,,
,1ZA491F50352055655,884116064244,dell u2412m,1,,3.75,,,,
,1ZA491F50352055682,884116064244,dell u2412m,1,,3.75,,,,
,1ZA491F50352055673,884116064244,dell u2412m,1,,3.75,,,,
,1ZA491F50352077444,884116064244,dell u2412m,1,,3.75,,,,
,420197019361289681090250674990,889349458648,asus gtx1070,1,,3.75,,,,
,1ZEA54610385637631,amazon open,xboxone 500gb battlefield,1,,,,,,
,1Z3Y09F10311503716,amazon open,hp 27es 27 inch display,2,,,,,,
,,amazon new,hp 27es 27 inch display,1,,,,,,
,1Z3Y09F10311503930,amazon open,hp 27es 27 inch display,2,,,,,,
,1Z306A440309766042,amazon new,dell s2817q,2,可以2台一箱 ,,,,,
,1Z306A440309709569,amazon new,dell s2817q,2,可以2台一箱 ,,,,,
,,,,,,,,,,
8/18,1ZE194580315149750,,swith red blue,1,,7.5,,,,
,,,swith gray,1,,7.5,,,,
,1ZE194580315148671,,swith red blue,1,,7.5,,,,
,,,swith gray,1,,7.5,,,,
,1Z3Y06V30302622922,884116064244,dell u2412m,1,,3.75,,,,
,1Z3Y063E0396780562,884116064244,dell u2412m,1,,3.75,,,,
,1Z3Y063E0398155958,884116064244,dell u2412m,1,,3.75,,,,
,1Z3Y06V30311136137,884116064244,dell u2412m,1,,3.75,,,,
,1Z3Y16F60303010778,889349458648,asus gtx1070,1,,8,,,,
,1z787y880383638880,amazon open ,md 101,1,no good,,,,,
,420197019361289681090251364067,889349458648,asus gtx1070,1,,8,,,,
8/19,420197019361289681090251519368,,swith gray,1,,7.5,,,,
,420197019361289681090251468659,,swith gray,1,,7.5,,,,
,420197019361289681090251515599,,swith gray,1,,7.5,,,,
,420197019361289681090251541673,,swith gray,1,,7.5,,,,
,420197019361289681090252476127,,swith red blue,1,,7.5,,,,
8/21,420197019361289681090252687752,,swith red blue,1,,7.5,,,,
,420197019361289681090252682313,,swith red blue,1,,7.5,,,,
,1ZE194580315175936,,swith gray,1,,7.5,,,,
,1ZY8A3940316861254,,swith gray,1,,7.5,,,,
,1ZW470W10355054500,amazon new,xboxone 1tb blk battfield,4,,,,,,
,1Z306A440309890952,amazon new,dell s2817q,2,可以2台一箱 ,,,,,
,1Z306A440309892156,amzon new,dell s2817q,2,可以2台一箱 ,,,,,
,,,,,,,,,,
8/22,1Z4785W00388349135,191376660810,lenovo 110-151sk,1,,5,,,,
,1Z4785W00388349224,191376660810,lenovo 110-151sk,1,,5,,,,
,1Z4785W00388349911,191376660810,lenovo 110-151sk,1,,5,,,,
,1Z4785W00388354496,191376660810,lenovo 110-151sk,1,,5,,,,
,1Z4785W00388349215,191376660810,lenovo 110-151sk,1,,5,,,,
,1Z4785W00388349537,191376660810,lenovo 110-151sk,1,,5,,,,
,1Z4785W00388355119,191376660810,lenovo 110-151sk,1,,5,,,,
,1Z4785W00388349206,191376660810,lenovo 110-151sk,1,,5,,,,
,1Z4785W00388349064,191376660810,lenovo 110-151sk,1,,5,,,,
,1Z4785W00388349055,191376660810,lenovo 110-151sk,1,,5,,,,
,1Z4785W00388349582,191376660810,lenovo 110-151sk,1,,5,,,,
,1Z4785W00388349724,191376660810,lenovo 110-151sk,1,,5,,,,
,1Z4785W00388349564,191376660810,lenovo 110-151sk,1,,5,,,,
,1Z4785W00388353362,191376660810,lenovo 110-151sk,1,,5,,,,
,1Z4785W00388349699,191376660810,lenovo 110-151sk,1,,5,,,,
,1Z4785W00388349902,191376660810,lenovo 110-151sk,1,,5,,,,
,1Z4785W00388349706,191376660810,lenovo 110-151sk,1,,5,,,,
,1Z4785W00388349573,191376660810,lenovo 110-151sk,1,,5,,,,
,1Z4785W00388349715,191376660810,lenovo 110-151sk,1,,5,,,,
,1Z4785W00388349733,191376660810,lenovo 110-151sk,1,,5,,,,
,1Z4785W00388354521,191376660810,lenovo 110-151sk,1,,5,,,,
,1Z4785W00388349180,191376660810,lenovo 110-151sk,1,,5,,,,
,1Z4785W00388349242,191376660810,lenovo 110-151sk,1,,5,,,,
,1Z4785W00388349162,191376660810,lenovo 110-151sk,1,,5,,,,
,1Z4785W00388355128,191376660810,lenovo 110-151sk,1,,5,,,,
,1z4785w00388354530,191376660810,lenovo 110-151sk,1,,5,,,,
,1z4785w00388349171,191376660810,lenovo 110-151sk,1,,5,,,,
,1Z4785W00388353371,191376660810,lenovo 110-151sk,1,,5,,,,
,,,,28,,,,,,
,,,,,,,,,,
,1zv7855e0336526593,191376215195,lenovo yoga 720-131kb,1,,8,,,,
,1ZA407020306758241,190793723160,lenovo 110s-111br,1,,2.5,,,,
,1ZA407020306758214,190793723160,lenovo 110s-111br,1,,2.5,,,,
,1ZA407020306763735,889349701065,asus x541,1,,5,,,,
,1ZA40702YW06766476,889349701065,asus x541,1,,5,,,,
,1ZA40702YW06766583,889349701065,asus x541,1,,5,,,,
,1ZW0R1041325665121,887276195070,saumg 740u5m,1,,8,,,,
,1ZA407020306759900,889349701065,asus x541,1,,5,,,,
,1ZA40702YW06766403,889349701065,asus x541,1,,5,,,,
,1ZA40702YW06766412,889349701065,asus x541,1,,5,,,,
,1ZA40702YW06766501,889349701065,asus x541,1,,5,,,,
,1ZR33E360310122707,190780828281,hp all in one27 a210,1,,8,,,,
,1zr1238x0310138903,190780828281,hp all in one27 a210,1,,8,,,,
,1ZF7891X0310122679,190780828281,hp all in one27 a210,1,,8,,,,
,1ZR33E360310122672,190780828281,hp all in one27 a210,1,,8,,,,
,1ZF7891X0310122651,190780828281,hp all in one27 a210,1,,8,,,,
,1ZF6Y5030310117548,190780828281,hp all in one27 a210,1,,8,,,,
,1ZF6Y5030310117539,190780828281,hp all in one27 a210,1,,8,,,,
,,,,7,,,,,,
,,,,,,,,,,
,1Z9AR5890350980435,884116064244,dell u2412m,1,,3.75,,,,
,1Z9AR5890350964444,884116064244,dell u2412m,1,,3.75,,,,
,1Z9AR5890350980364,884116064244,dell u2412m,1,,3.75,,,,
,1Z9AR5890350980408,884116064244,dell u2412m,1,,3.75,,,,
,1Z9AR5890350980391,884116064244,dell u2412m,1,,3.75,,,,
,1Z9AR5890350980471,884116064244,dell u2412m,1,,3.75,,,,
,1Z9AR5890350980444,884116064244,dell u2412m,1,,3.75,,,,
,1Z9AR5890350980426,884116064244,dell u2412m,1,,3.75,,,,
,1Z9AR5890350980355,884116064244,dell u2412m,1,,3.75,,,,
,1Z9AR5890350980417,884116064244,dell u2412m,1,,3.75,,,,
,1Z9AR5890350980382,884116064244,dell u2412m,1,,3.75,,,,
,1Z9AR5890350965050,884116064244,dell u2412m,1,,3.75,,,,
,1Z9AR5890350965087,884116064244,dell u2412m,1,,3.75,,,,
,1z9ar5890350965078,884116064244,dell u2412m,1,,3.75,,,,
,,,,,,,,,,
,1Z2929AE0320727877,amazon open,hp loptop,1,no good,,,,,
,6821233656444,191376660810,lenovo 110-151sk,1,,5,,,,
,6821233656482,191376660810,lenovo 110-151sk,1,,5,,,,
,6821233656413,191376660810,lenovo 110-151sk,1,,5,,,,
,6821233656055,191376660810,lenovo 110-151sk,1,,5,,,,
,6821233656123,191376660810,lenovo 110-151sk,1,,5,,,,
,6821233656093,191376660810,lenovo 110-151sk,1,,5,,,,
,6821233656345,191376660810,lenovo 110-151sk,1,,5,,,,
,6821233656475,191376660810,lenovo 110-151sk,1,,5,,,,
,6821233656185,191376660810,lenovo 110-151sk,1,,5,,,,
,6821233656017,191376660810,lenovo 110-151sk,1,,5,,,,
,6821233656147,191376660810,lenovo 110-151sk,1,,5,,,,
,6821233656178,191376660810,lenovo 110-151sk,1,,5,,,,
,6821233656376,191376660810,lenovo 110-151sk,1,,5,,,,
,6821233656031,191376660810,lenovo 110-151sk,1,,5,,,,
,6821233656468,191376660810,lenovo 110-151sk,1,,5,,,,
,6821233656086,191376660810,lenovo 110-151sk,1,,5,,,,
,6821233656208,191376660810,lenovo 110-151sk,1,,5,,,,
,6821233656505,191376660810,lenovo 110-151sk,1,,5,,,,
,,,,18,,,,,,
,6821233784956,884116215967,dell s2817q,1,,7,,,,
,6821233784918,884116215967,dell s2817q,1,,7,,,,
,6821233784932,884116215967,dell s2817q,1,,7,,,,
,6821233784925,884116215967,dell s2817q,1,,7,,,,
,6821233784963,884116215967,dell s2817q,1,,7,,,,
,6821233784949,884116215967,dell s2817q,1,,7,,,,
,1Z2929AE0320724076,amazon open,hp 17-x116dx,1,好了,,20,,,
8/24,1ZV7855E0336586475,889349701065,asus x541,1,,5,,,,
,1ZWF25470384400024,887276195070,saumg 740u5m,1,,8,,,,
,1ZW0R1041325669672,889349701065,asus x541,1,,5,,,,
,1ZW0R1041325682166,887276195070,saumg 740u5m,1,,8,,,,
,1ZW0R1041325676388,887276195070,saumg 740u5m,1,,8,,,,
,1ZW0R1041325668995,889349701065,asus x541,1,,5,,,,
,1ZWF25470384399475,887276195070,saumg 740u5m,1,,8,,,,
,1ZV7855E0336588624,190793723160,lenovo 110s-111br,1,,2.5,,,,
,1ZWF25470384410540,190793723160,lenovo 110s-111br,1,,2.5,,,,
,1ZW490240351838988,190793723160,lenovo 110s-111br,1,,2.5,,,,
,1ZW490240351883189,190793723160,lenovo 110s-111br,1,,2.5,,,,
,1ZW490240351879327,190793723160,lenovo 110s-111br,1,,2.5,,,,
,1ZW0R1041325671534,887276195070,saumg 740u5m,1,,8,,,,
,1ZV7855E0336589034,190793723160,lenovo 110s-111br,1,,2.5,,,,
,1ZW494600353696731,190793723160,lenovo 110s-111br,1,,2.5,,,,
,1ZWF25470384410648,190793723160,lenovo 110s-111br,1,,2.5,,,,
,1ZW490240351879201,190793723160,lenovo 110s-111br,1,,2.5,,,,
,1ZW0R1041325669636,889349701065,asus x541,1,,5,,,,
,1ZW490240351879247,190793723160,lenovo 110s-111br,1,,2.5,,,,
,1ZW490240351854111,190793723160,lenovo 110s-111br,1,,2.5,,,,
,,889349701065,asus x541,1,,5,,,,
,1ZW0R1041325681783,887276195070,saumg 740u5m,1,,8,,,,
,1ZW0R1041325670759,887276195070,saumg 740u5m,1,,8,,,,
,1ZW490240351837354,190793723160,lenovo 110s-111br,1,,2.5,,,,
,,889349701065,asus x541,1,,5,,,,
,1ZV7855E0336582700,190780828281,hp all in one27 a210,1,,8,,,,
,1ZV7855E0336553330,190780828281,hp all in one27 a210,1,,8,,,,
,1ZW494600353720696,190780828281,hp all in one27 a210,1,,8,,,,
,1Z306A440310062059,amazon new,dell s2817q,2,可以2台一箱 ,,,,,
,1Z306A440310068606,amzon new,dell s2817q,2,可以2台一箱 ,,,,,
,1Z3Y95F10329015031,amazon new,xboxone 1tb blk battlifiel,4,,,,,,
,,,,,,,,,,
,,,saumg 740u5m/8,,,,,,,
,,,,,,,,,,
6/24,1ZW49304YW41649486,889349701065,asus x541,1,,5,,,,
,1Z4785W00388456037,191376660810,lenovo 110-151sk,1,,5,,,,
,1Z4785W00388451578,191376660810,lenovo 110-151sk,1,,5,,,,
,1Z4785W00388450944,191376660810,lenovo 110-151sk,1,,5,,,,
,1Z4785W00388451630,191376660810,lenovo 110-151sk,1,,5,,,,
,1Z4785W00388451596,191376660810,lenovo 110-151sk,1,,5,,,,
,1Z4785W00388451621,191376660810,lenovo 110-151sk,1,,5,,,,
,1Z4785W00388451587,191376660810,lenovo 110-151sk,1,,5,,,,
,1Z4785W00388451612,191376660810,lenovo 110-151sk,1,,5,,,,
,1Z4785W00388451569,191376660810,lenovo 110-151sk,1,,5,,,,
,1Z4785W00388455994,191376660810,lenovo 110-151sk,1,,5,,,,
,1Z4785W00388451603,191376660810,lenovo 110-151sk,1,,5,,,,
,1Z4785W00388456322,191376660810,lenovo 110-151sk,1,,5,,,,
,1Z4785W00388456028,191376660810,lenovo 110-151sk,1,,5,,,,
,1Z4785W00388450908,191376660810,lenovo 110-151sk,1,,5,,,,
,1Z4785W00388456019,191376660810,lenovo 110-151sk,1,,5,,,,
,1Z4785W00388456297,191376660810,lenovo 110-151sk,1,,5,,,,
,1Z4785W00388450855,191376660810,lenovo 110-151sk,1,,5,,,,
,1Z4785W00388460273,191376660810,lenovo 110-151sk,1,,5,,,,
,1Z4785W00388450935,191376660810,lenovo 110-151sk,1,,5,,,,
,1Z4785W00388450917,191376660810,lenovo 110-151sk,1,,5,,,,
,1Z4785W00388450926,191376660810,lenovo 110-151sk,1,,5,,,,
,1Z4785W00388456000,191376660810,lenovo 110-151sk,1,,5,,,,
,1Z4785W00388450891,191376660810,lenovo 110-151sk,1,,5,,,,
,1Z4785W00388456377,191376660810,lenovo 110-151sk,1,,5,,,,
,1Z4785W00388460424,191376660810,lenovo 110-151sk,1,,5,,,,
,1Z4785W00388456340,191376660810,lenovo 110-151sk,1,,5,,,,
,1Z4785W00388450953,191376660810,lenovo 110-151sk,1,,5,,,,
,1Z4785W00388456368,191376660810,lenovo 110-151sk,1,,5,,,,
,,,,28,,,,,,
,1ZW85R210346649357,amazon open ,dell s2817q,1,like new,,,,,
,1ZEA54610385751990,amazon open ,fax 575,1,,,,,,
,1ZE4W1684293088903,190780439661,hp 14-ax010nr,2,,10,,,,
,,887256022631,xboxone ghost recon dics,2,,,,,,
,,889842118858,xboxone 500gb white,2,,10,,,,
,1Z3Y55R20314547351,amazon new,xboxone 1tb blk,4,,,,,,
8/25,1Z4785W00388498224,191376660810,lenovo 110-151sk,1,,5,,,,
,1Z4785W00388499152,191376660810,lenovo 110-151sk,1,,5,,,,
,1Z4E09430334492578,amazon new,swith gray,1,盒子有点不好看,,,,,
,1z787y880383724554,amazon open,fax 575,1,,,,,,
,,,61xl,1,,,,,,
,1ZEA54610385766948,amazon new,fax 575,1,,,,,,
8/26,9612804278616918585882,719192614079,lg 29um59a,3,,15,,,,
,9612804278616918595010,719192614079,lg 29um59a,3,,15,,,,
,9612804278616918592989,719192614079,lg 29um59a,2,,10,,,,
,9612804278616918585196,719192614079,lg 29um59a,2,,10,,,,
,9612804278616918585226,719192614079,lg 29um59a,3,,15,,,,
,9612804278616918585592,719192614079,lg 29um59a,3,,15,,,,
,9612804278616918592903,719192614079,lg 29um59a,3,,15,,,,
,9612804278616918591203,719192614079,lg 29um59a,3,,15,,,,
,9612804278616918591241,719192614079,lg 29um59a,2,,10,,,,
,9612804278616918585844,719192614079,lg 29um59a,3,,15,,,,
,9612804278616918592934,719192614079,lg 29um59a,3,,15,,,,
,9612804278616918594969,719192614079,lg 29um59a,2,,10,,,,
,9612804278616918585646,719192614079,lg 29um59a,2,,10,,,,
,,,,31,,,,,,
8/28,1ZRE35534210086237,889842118858,xboxone 500gb white,1,,5,,,,
,1ZE4W1684294687602,889842118858,xboxone 500gb white,2,,10,,,,
,,,white control,2,,1.5,,,,
,,887256014681,xboxone rainbow siege dics,2,,1,,,,
,,,,,,,,,,
8/29,9612804278616918615435,719192614079,lg 29um59a,2,,10,,,,
,9612804278616918615459,719192614079,lg 29um59a,3,,15,,,,
,1Z3Y95F10329490803,amazon open,fax 575,1,,,,,,
,1Z30Y8230343568668,amazon new,lenovo flex 4-1470 4405 u,2,,,,,,
8/31,1ZEA54610385815895,amzon open,xboxone 500gb,1,,,,,,
,,,,,,,,,,
9/5,1Z3Y09F14212125532,amazon new,asus q524,2,,,,,,
,1015623384640001970100718904241967,190780197240,hp 17t-u100,1,,8,,,,
,1015623384640001970100718904241794,190780197240,hp 17t-u100,1,,8,,,,
,1015623384640001970100718904241875,190780197240,hp 17t-u100,1,,8,,,,
,1015623384790001970100718904242551,190780197240,hp 17t-u100,1,,8,,,,
,1015623384790001970100718904242687,190780197240,hp 17t-u100,1,,8,,,,
,1015623380290001970100718904243249,190780197240,hp 17t-u100,1,,8,,,,
,1015623384790001970100718904242470,190780197240,hp 17t-u100,1,,8,,,,
,1015623384790001970100718904242676,190780197240,hp 17t-u100,1,,8,,,,
,1015623384790001970100718904242492,190780197240,hp 17t-u100,1,,8,,,,
,1Z30Y8230344399456,amazon new,lenovo stick 300+,5,,,,,,
,1Z787Y880383854477,amazon open,dell xps8920-7529slv,1,,,,,,
,1Z3Y09F14212156455,amazon new,asus q524,5,,,,,,
,1ZE194580315707058,amamzon new,xboxone 500gb,1,,,,,,
,1Z2929AE0320847461,amzon open,dell 3567-3629blk-pus,1,好了,20,,,,
,1Z2929AE0320846051,amazon open,lenovo ideapad 110-151sk,1,好了,20,,,,
,1Z2929AE0320858039,amazon open,lg 34um68,1,,,,,,
,1Z602F9A0355060422,amazon open,asus m32 destop,1,,,,,,
,1ZEA54610385906395,amamzon new,xboxone 500gb,1,,,,,,
,1Z4785W00388885949,191376095407,lenovo 320-171kb,1,,,,,,
,1Z4785W00388883254,191376095407,lenovo 320-171kb,1,,,,,,
9/7,1ZEA54610385967025,amazon open,air2 64g cellura,1,,,,,,
,1Z787Y880383885247,amazon open,lenovo ideapad 110-151sk,1,好了,20,,,,
9/8,1Z3Y95F10330256484,amazon open,ptd600,1,,,,,,
,1Z9V53850303825490,amazon new,xboxone 1tb blk,4,,,,,,
,1ZW2208W0383036351,amazon new,dell xps8920-7529slv,1,,,,,,
,1Z3Y55R24215159375,amazon new,samung 740um,4,,,,,,
,1ZA3170W0343120820,amazon new,lg 34um68,1,,,,,,
,1Z2929AE0320882404,amazon open,acer r5-571t-57z0,1,好了,20,,,,
,1ZY8A3940317134163,amazon new,lenovo stick 300+,1,,,,,,
,9622001900003441762300741512637478,887256014513,xboxone madden nfl 18,2,,1.5,,,,
,9622001900003441762300741512636140,889842148251,xboxoen forza horizon,1,,0.75,,,,
,,887256014513,xboxoen division,1,,0.25,,,,
,9622001900003441762300741512636162,889842148251,xboxoen forza horizon,1,,0.75,,,,
,,887256014513,xboxoen division,1,,0.25,,,,
,741512637581,889842148251,xboxoen forza horizon,1,,0.75,,,,
,,887256014513,xboxoen division,1,,0.25,,,,
9/11,9612019485712770198494,889842110722,xboxone gear war 2tb,1,,7.5,,,,
,9612019485712770198487,889842110722,xboxone gear war 2tb,1,,7.5,,,,
,9612019485712770199989,889842110722,xboxone gear war 2tb,1,,7.5,,,,
,9612019485712770199972,889842110722,xboxone gear war 2tb,1,,7.5,,,,
,1Z3Y12980329362253,,xboxone 1tb blk,4,,,,,,
,1z787y880383876499,amazon open,hp 27es display,1,,,,,,
,1Z2FX8250315843998,amazon new,lenovo stick 300+,1,,,,,,
,1Z30Y83W0301146421,amazon new,xboxone 500gb,1,,,,,,
,,,,,,,,,,
9/13,1ZV7855E0337201379,191545395437,lenovo 110-15acl,1,,5,,,,
,1ZV7855E0337202636,191545395437,lenovo 110-15acl,1,,5,,,,
,1ZV7855E0337205624,191545395437,lenovo 110-15acl,1,,5,,,,
,1ZV7855E0337206927,191545395437,lenovo 110-15acl,1,,5,,,,
,1ZV7855E0337203411,191545395437,lenovo 110-15acl,1,,5,,,,
,1ZV7855E0337204134,191545395437,lenovo 110-15acl,1,,5,,,,
,1ZV7855E0337200692,191545395437,lenovo 110-15acl,1,,5,,,,
,1ZV7855E0337199472,191545395437,lenovo 110-15acl,1,,5,,,,
,1ZV7855E0337201968,191545395437,lenovo 110-15acl,1,,5,,,,
,1ZV7855E0337205642,191545395437,lenovo 110-15acl,1,,5,,,,
,1ZV7855E0337201413,191545395437,lenovo 110-15acl,1,,5,,,,
,1ZV7855E0337186799,191545395437,lenovo 110-15acl,1,,5,,,,
,1ZV7855E0337203199,191545395437,lenovo 110-15acl,1,,5,,,,
,1ZV7855E0337201075,191545395437,lenovo 110-15acl,1,,5,,,,
,1ZV7855E0337206712,191545395437,lenovo 110-15acl,1,,5,,,,
,1ZV7855E0337176746,191545395437,lenovo 110-15acl,1,,5,,,,
,1Z2929AE0320924501,amazon open,dell s2817q,1,,,,,,
,1Z2929AE0320943393,amazon open,hp 17  116dx,1,好了,20,,,,
,1ZEA54610386084370,amazon open,lenovo 110-151sk,1,好了,20,,,,
,1Z885V7Y0348530241,amazon new,asus ux360c,1,,,,,,
,1Z5747XA0391572837,amazon open,asus r5-571t-57z0,1,no good ,,,,,
,1z3y09f10312512044,amazon new,hp all in one 27a -210,1,,,,,,
,1Z3Y09F10312509352,amazon new,hp all in one 27a -210,1,,,,,,
,,,,,,,,,,
9/14,1ZV7855E0337262287,191545395437,lenovo 110-15acl,1,,5,,,,
,1ZV7855E0337262205,191545395437,lenovo 110-15acl,1,,5,,,,
,1ZV7855E0337261948,191545395437,lenovo 110-15acl,1,,5,,,,
,1Z3Y09F10312496205,amazon new,hp all in one 27a -210,1,,,,,,
,1Z3Y09F10312511394,amazon new,hp all in one 27a -210,1,,,,,,
,1Z602F9A4255220426,amazon new,lenovo 110-151sk,8,,,,,,
,1Z602F9A4255219974,amazon new,lenovo 110-151sk,6,,,,,,
,1ZE4W1684298686552,,xboxone controll,2,,1.5,,,,
,,889842114287,xboxone gear war 1tb white,2,,10,,,,
,9612019244862660569448,,xboxone 500gb white,2,,10,,,,
,9612019845390196079450,889349507247,asus ux390u,1,,8,,,,
,,,,,,,,,,
9/15,1ZV7855E0337267488,191545395437,lenovo 110-15acl,1,,5,,,,
,1ZY756Y64228757461,889842162028,xboxone 500gb blk,1,,5,,,,
,1ZY756Y64228754857,889842162028,xboxone 500gb blk,1,,5,,,,
,1ZY8A3940317236106,amazon new,lenovo stick 300+,1,,,,,,
,420197019200190170629502380044,887256014513,xboxone division dics,1,,0.25,,,,
,420197019200190170629502380242,887256014513,xboxone division dics,1,,0.25,,,,
,420197019200190170629502379888,887256014513,xboxone division dics,1,,0.25,,,,
,9200190170629502380105,887256014513,xboxone division dics,1,,0.25,,,,
9/16,9622080430000633765500408195163517,889842162028,xboxone 500gb blk,2,,10,,,,
9/18,1ZV7855E0337331194,191545395437,lenovo 110-15acl,1,,5,,,,
,1ZV7855E0337331096,191545395437,lenovo 110-15acl,1,,5,,,,
4201970192612904852410571011518699,1ZV7855EYW37328146,191545395437,lenovo 110-15acl,1,,5,,,,
4201970192612904852410571011518705,1ZV7855EYW37328164,191545395437,lenovo 110-15acl,1,,5,,,,
,420197019200190170629502386640,887256014513,xboxone division dics,1,,0.25,,,,
,420197019200190170629502386503,887256014513,xboxone division dics,1,,0.25,,,,
,420197019200190170629502386466,887256014513,xboxone division dics,1,,0.25,,,,
,420197019200190170629502386664,887256014513,xboxone division dics,1,,0.25,,,,
9/19,9612019485712770223097,889842110722,xboxone gear war 2tb,1,,7.5,,,,
,9612019485712770223363,889842110722,xboxone gear war 2tb,1,,7.5,,,,
,9612019485712770226067,889842110722,xboxone gear war 2tb,1,,7.5,,,,
,9612019485712770226036,889842110722,xboxone gear war 2tb,1,,7.5,,,,
,9612019485712770226005,889842110722,xboxone gear war 2tb,1,,7.5,,,,
,9612019485712770226050,889842110722,xboxone gear war 2tb,1,,7.5,,,,
,9612019485712770223356,889842110722,xboxone gear war 2tb,1,,7.5,,,,
,9612019485712770223301,889842110722,xboxone gear war 2tb,1,,7.5,,,,
,1Z9844140375681482,889349669754,asus p2440u,1,,8,,,,
,1Z787Y880384149200,amazon open,dell s2817q,1,,,,,,
9/20,1ZY549V71357657533,14633370034,xboxone madden nfl 18,1,,0.75,,,,
,1ZY549V71357657293,14633370034,xboxone madden nfl 18,1,,0.75,,,,
,1ZY549V71357657177,14633370034,xboxone madden nfl 18,1,,0.75,,,,
,1ZY549V71357657391,14633370034,xboxone madden nfl 18,1,,0.75,,,,
,1ZY549V71357657659,14633370034,xboxone madden nfl 18,1,,0.75,,,,
,1ZY549V71357657337,14633370034,xboxone madden nfl 18,1,,0.75,,,,
,1ZY549V71357656918,14633370034,xboxone madden nfl 18,1,,0.75,,,,
,1Z3Y09F10312781003,amazon new,hp all in one 27a -210,1,,,,,,
,1Z602F9A0355304552,amazon new,lenovo 110-151sk,4,,,,,,
,1Z3Y09F10312780960,amazon new,hp all in one 27a -210,1,,,,,,
,1Z3Y09F10312755792,amazon new,hp all in one 27a -210,1,,,,,,
,1ZEA54610386200172,amazom new,ptd 600,1,,,,,,
9/21,1Z787Y880384210400,amamzon open,lenovo 110-151sk,1,好了,,,,,
,1Z0X118A0397199508,884116204275,dell xps9350-4007slv,1,,,,,,
,1ZW220A40385724878,amazon new,xboxone 1tb blk,4,,,,,,
,1ZA3170W4243475188,889349458648,asus gtx1070,2,一箱一张label,16,,,,
,1Z602F9A4255336169,amazo new,lenovo 110-151sk,8,,,,,,
,1Z3Y16F60303296158,889349458648,asus gtx1070,1,,8,,,,
,420197019200190170629502401947,14633370034,xboxone madden nfl 18,1,,0.75,,,,
,,,,,,,,,,
9/22,9612015244862660701275,889842009392,surface 3,5,,35,,,,
,1ZE4W1684291660583,47875880986,xboxone destiny dics,2,,1.5,,,,
,,889842084320,white controll,2,,1.5,,,,
,,,xboxone 500gb,2,,10,,,,
,1ZE4W1684297571703,887256015664,xboxone for honor,3,,1.5,,,,
,,889842084320,white controll,3,,1.5,,,,
,,,xboxone 500gb,3,,15,,,,
,1ZE4W1684299983916,887256015664,xboxone for honor,2,,1.5,,,,
,,889842084320,white controll,2,,1.5,,,,
,,,xboxone 500gb,2,,10,,,,
,1Z2929AE0321019998,amazon open,lenovo 110-151sk,1,好了,20,,,,
,,,,,,,,,,
9/25,9612019485712770239036,889842110722,xboxone gear war 2tb,1,,7.5,,,,
,9612019485712770239074,889842110722,xboxone gear war 2tb,1,,7.5,,,,
,9612019485712770239012,889842110722,xboxone gear war 2tb,1,,7.5,,,,
,420197019200190170629502403248,14633370034,maden 18,1,,0.75,,,,
,,887256014513,the division,1,,0.25,,,,
,420197019200190170629502403323,14633370034,maden 18,1,,0.75,,,,
,,887256014513,the division,1,,0.25,,,,
,420197019200190170629502403286,14633370034,maden 18,1,,0.75,,,,
,,887256014513,the division,1,,0.25,,,,
,1Z2929AE0321035943,amazon open,lenovo 110-151sk,1,好了,20,,,,
,1Z30482W0326135309,amzon new,xboxone 1tb blk,4,,,,,,
,1Z787Y880384229490,amazon open,ptd 600,1,,,,,,
,,,dell i7579-7171gry,1,好了,20,,,,
,1Z30482W0325917225,amzon new,lenovo 110-151sk,4,,,,,,
,1z30482w4226086343,amzon new,lenovo 110-151sk,7,,,,,,
,1ZE194580316318708,amzon new,xboxone 1tb blk,4,,,,,,
9/27,1Z9F084A4299284373,,dell 8920 black,1,,8,,,,
,1ZEA54610386359832,amazon open,hp m3-u101dx,1,好了,20,,,,
,1Z3Y95F10331352618,amzon new,ptd 600,1,,,,,,
,9612804278616919087569,190781597018,hp x 360 15-bi075nr,1,,8,,,,
,,,stanley power,1,,,,,,
9/29,420197019361289681090273900533,amazon new,xboxone 500gb,1,,,,,,
,1ZY8A3940317402328,amzon new,xboxone 1tb blk,4,,,,,,
,1ZY8A3940317407841,amzon new,xboxone 1tb blk,4,,,,,,
9/30,9612804278616919093324,190781597018,hp x 360 15-bi075nr,1,,8,,,,
,,,stanley power,1,,,,,,
,9612804278616919093034,190781597018,hp x 360 15-bi075nr,1,,8,,,,
,,,stanley power,1,,,,,,
,9612804278616919093133,190781597018,hp x 360 15-bi075nr,1,,8,,,,
,,,stanley power,1,,,,,,
,9612804278616919093379,190781597018,hp x 360 15-bi075nr,1,,8,,,,
,,,stanley power,1,,,,,,
,9612804278616919093041,190781597018,hp x 360 15-bi075nr,1,,8,,,,
,,,stanley power,1,,,,,,
,9612804278616919093201,190781597018,hp x 360 15-bi075nr,1,,8,,,,
,,,stanley power,1,,,,,,
,9612804278616919096523,190781597018,hp x 360 15-bi075nr,1,,8,,,,
,,,stanley power,1,,,,,,
,9612804278616919093065,190781597018,hp x 360 15-bi075nr,1,,8,,,,
,,,stanley power,1,,,,,,
,,,,,,,,,4178,pay donna chase
,,,,,,,,,,
10/1,1z787y880384340529,amazon open,lenovo 11eb3rd gen,1,好了,20,,,,
,1Z787Y880384312863,amazon open,ptd 600,1,,,,,,
,1ZE4W1680398291480,,xbxoxone 1tb gear war,2,,,,,,
,,,xboxone white controll,2,,,,,,
,1Z3Y09F14213309887,amazon new,hp 270 p014 dt,3,,,,,,
,1Z3Y09F10313285600,amazon new,hp 270 p014 dt,2,,,,,,
,1Z2929AE0321081321,amzon open,dell inspirn 3650,1,no good,,,,,
10/2,9622080430003077142800746961306405,191376242771,lenovo  yoga710-11kb,1,,,,,,
,420197019361289681090274998386,,ptd 600,2,,,,,,
,1ZV7855E1337712745,191376242771,lenovo  yoga710-11kb,1,,,,,,
,1ZV7855E1337746898,191376242771,lenovo  yoga710-11kb,1,,,,,,
,1ZF698Y4YW10190866,191376242771,lenovo  yoga710-11kb,1,,,,,,
,1ZF590630310111681,191628025367,hp 270 p014 dt,1,,,,,,
,1ZV7855E1337705039,191628025367,hp 270 p014 dt,1,,,,,,
,1ZF7Y8631310083526,191628025367,hp 270 p014 dt,1,,,,,,
,1ZV7855E1337716625,191376242771,lenovo  yoga710-11kb,1,,,,,,
,1ZF343730310119461,191628025367,hp 270 p014 dt,1,,,,,,
,1ZF8078Y0310116516,191628025367,hp 270 p014 dt,1,,,,,,
,1ZV7855E1337738450,191376242771,lenovo  yoga710-11kb,1,,,,,,
,1ZV7855E1337721600,191376242771,lenovo  yoga710-11kb,1,,,,,,
,1ZRA45990310084698,191628025367,hp 270 p014 dt,1,,,,,,
,1ZRW45550310089557,191628025367,hp 270 p014 dt,1,,,,,,
,1ZW490241352443624,191376242771,lenovo  yoga710-11kb,1,,,,,,
,1ZR129E40310083072,191628025367,hp 270 p014 dt,2,这款如果寄走可以2台一箱,,,,,
10/4,9622080430003932565300787928650959,191376242771,lenovo  yoga710-11kb,1,,,,,,
,1zf502390310110955,191376242771,lenovo  yoga710-11kb,1,,,,,,
,1ZR283890310113791,191628025367,hp 270 p014 dt,1,,,,,,
,1ZV7855E0337764333,191376242771,lenovo  yoga710-11kb,1,,,,,,
,1ZV7855E0337756155,191376242771,lenovo  yoga710-11kb,1,,,,,,
,1ZF7Y2730310087186,191628025367,hp 270 p014 dt,1,,,,,,
,1ZE1F4590210144079,191628025367,hp 270 p014 dt,1,,,,,,
,1ZE1F4590210144088,191628025367,hp 270 p014 dt,1,,,,,,
,1ZEA54610386481146,amaozn open,xboxone 2tb gear war,1,,,,,,
,1z3y09f10313359674,amazon new,hp 270 p014 dt,2,,,,,,
,1Z3Y09F14213365398,amazon new,hp 270 p014 dt,3,,,,,,
10/5,1ZW490240352480013,884116275596,dell destop i5675-a596blu,1,,,,,,
,1ZV7855E0337792759,884116275596,dell destop i5675-a596blu,1,,,,,,
,1ZV7855E0337788219,884116275596,dell destop i5675-a596blu,1,,,,,,
,1ZW490240352479801,884116275596,dell destop i5675-a596blu,1,,,,,,
,1ZV7855E0337792268,884116275596,dell destop i5675-a596blu,1,,,,,,
,1ZV7855E0337792204,884116275596,dell destop i5675-a596blu,1,,,,,,
,1ZF710Y91310129020,191376242771,lenovo  yoga710-11kb,1,,,,,,
10/6,1ZV7855E0337803353,884116275596,dell destop i5675-a596blu,1,,,,,,
,1ZW490240352481576,884116275596,dell destop i5675-a596blu,1,,,,,,
10/9,1ZWF25470385486306,888863275496,acer cb5-571-c4g4,1,,,,,,
,1ZWF25470385486119,888863275496,acer cb5-571-c4g4,1,,,,,,
,1ZWF25470385483658,888863275496,acer cb5-571-c4g4,1,,,,,,
,1ZWF25470385486324,888863275496,acer cb5-571-c4g4,1,,,,,,
,1ZWF25470385486735,888863275496,acer cb5-571-c4g4,1,,,,,,
,1ZWF25470385486637,888863275496,acer cb5-571-c4g4,1,,,,,,
,1ZWF25470385486673,888863275496,acer cb5-571-c4g4,1,,,,,,
,1ZWF25470385486173,888863275496,acer cb5-571-c4g4,1,,,,,,
,1ZWF25470385483185,888863275496,acer cb5-571-c4g4,1,,,,,,
,1z787y880384447790,amaozn open,hpx360 m1-u001dx,1,好了,20,,,,
10/11,1ZW0R1041325808575,888863275496,acer cb5-571-c4g4,1,,,,,,
,1ZWF25470385486557,888863275496,acer cb5-571-c4g4,1,,,,,,
,1ZR28A170310110859,888863275496,acer cb5-571-c4g4,1,,,,,,
,1ZWF25470385487038,888863275496,acer cb5-571-c4g4,1,,,,,,
,1ZWF25470385486575,888863275496,acer cb5-571-c4g4,1,,,,,,
10/11,1zwf25470385517111,888863275496,acer cb5-571-c4g4,2,,,,,,
,1ZWF25470385514721,888863275496,acer cb5-571-c4g4,1,,,,,,
,1ZWF25470385517639,888863275496,acer cb5-571-c4g4,1,,,,,,
,1ZWF25470385517808,888863275496,acer cb5-571-c4g4,1,,,,,,
,1ZWF25470385556052,888863275496,acer cb5-571-c4g4,1,,,,,,
,1ZWF25470385515239,888863275496,acer cb5-571-c4g4,1,,,,,,
,1ZWF25470385556070,888863275496,acer cb5-571-c4g4,1,,,,,,
,1ZWF25470385504545,888863275496,acer cb5-571-c4g4,2,,,,,,
,1ZE4W1680391674534,,xboxone white controll,2,,,,,,
,,887256022631,xboxone chost recon dics,2,,,,,,
,,,xboxone 500bg white,2,,,,,,
,1ZEA54610386675919,amazon open,ptd 600,1,,,,,,
10/13,1ZY8A3940317637601,amazon new,dell i3558-5500blk,1,,,,,,
,1001902311670001970100410370755491,889842162028,xboxon blke 500gb blk,2,,,,,,
10/14,9622089590004187117400410370745550,889842162028,xboxon blke 500gb blk,1,,,,,,
,9622089590004187117400410370745549,889842162028,xboxon blke 500gb blk,1,,,,,,
,9622089590004187117400410369744387,889842162028,xboxon blke 500gb blk,1,,,,,,
10/16,420197019361289681090282097538,711719510215,ps4 pro 1 tb limit edition,1,,,,,,
,1Z2929AE0321230008,amzon open,dell i5459-4020blk,1,no good,,,,,
10/17,9622001900005890827300406974889252,,xboxone 500gb blk,2,,,,,,
,9622001900005890827300406974889171,,xboxone 500gb blk,2,,,,,,
,1Z696E980399113497,,new nitendo 3ds 翻新,1,,,,,,
,1Z97626W0300359185,修好,lenovo 110-151sk,3,,,,,,
10/18,1ZW227170327177365,711719510215,ps4 pro 1 tb limit edition,1,,,,,,
,1Z3Y09F10313985872,amazon new,hp all in one pc27-a210,1,,,,,,
,1z3y00f10314035806,amazon new,hp all in one pc27-a210,1,,,,,,
,1Z2FW1334243041520,amazon new,hp 270 p014 dt,3,,,,,,
,1Z696E980397676302,,new nitendo 3ds 翻新,1,,,,,,
,1Z696E980396713399,,new nitendo 3ds 翻新,1,,,,,,
,1Z696E980397290620,,new nitendo 3ds 翻新,1,,,,,,
,1Z696E980399230333,,new nitendo 3ds 翻新,1,,,,,,
,1Z696E980396220206,,new nitendo 3ds 翻新,1,,,,,,
10/19,1ZEA54610386846430,amazon open,lenovo 110s,1,好了,20,,,,
,1Z2929AE0321333353,amazon open,lenovo 110-151sk,1,好了,20,,,,
10/20,31970195310000014112781947302018,neiman macus,neiman macus,化妆品,,,,,,
,1ZR31207YW10164960,889349785096,asus x541n,1,,,,,,
,1ZR120E4YW10097629,889349785096,asus x541n,1,,,,,,
,1ZR127A90310111735,889349785096,asus x541n,1,,,,,,
,1ZR1559X0310089558,889349785096,asus x541n,1,,,,,,
,1ZR0R024YW10120495,889349785096,asus x541n,1,,,,,,
,1Z6W22070393116006,amazon new,hp 270-p014 dt,1,,,,,,
,1z787y880384728594,amazon open,lenov 110,1,好了,20,,,,
,,,,,,,,,,
10/23,1ZW494600354700214,889349785096,asus x541n,1,,,,,,
,1ZF6F3530310096739,889349785096,asus x541n,1,,,,,,
,1ZW490240352701944,889349785096,asus x541n,1,,,,,,
,1ZWF25470385756881,888863275496,acer cb5-571-c4g4,1,,,,,,
,1ZV7855E0338109834,889349785096,asus x541n,1,,,,,,
,1ZV7855E0338109389,889349785096,asus x541n,1,,,,,,
,1ZF752A20310134711,889349785096,asus x541n,1,,,,,,
,1ZF8078Y0310118078,889349785096,asus x541n,1,,,,,,
,420197019205599799641085876023,889349785096,asus x541n,1,,,,,,
,1ZEA54610386871359,,akitio thunder3 quad mini,1,,,,,,
,1ZEA54610386873562,amazon open,lenovo yoga 720-131kb,1,好了,20,,,,
,1Z2929AE0321356427,amazon open,samung 740um,1,好了,,,,,
,,,,,,,,,,
10/24,1ZV7855EYW38149098,889349785096,asus x541n,1,,,,,,
,1ZR154E5YW10110146,848719056099,kindle paperwhite blk,1,,,,,,
,1ZF93Y17YW10191386,848719056099,kindle paperwhite blk,1,,,,,,
,1ZV7855EYW38150826,889349785096,asus x541n,1,,,,,,
,1ZY8A3610382779353,,nordstrom gift,1,,,,,,
,1Z8152040302025915,850804281 order,macy blockbuster,1,,,,,,
,,887167328051,estee lauder repair penew,1,,,,,,
,1Z3Y95F10333016540,amazon open,lenovo 110s,1,好了,20,,,,
,1ZE4W1680397216394,,xbxonde 500gb white,2,,,,,,
,,,xbxone controll,2,,,,,,
,,887256022631,xboxone ghost recon,2,,,,,,
10/25,4201970192055901795905811985151661,848719083774,kindle blk,1,,,,,,
,4201970192055901795905803177852135,848719083774,kindle blk,1,,,,,,
,420197019200199799670614696211,848719056099,kindle paperwhite blk,1,,,,,,
,420197019200199799651214672614,848719056099,kindle paperwhite blk,1,,,,,,
,420197019216590182967025925248,nordstrom,esteeladuer avance night repare,1,,,,,,
,1ZR137E3YW10128744,848719056099,kindle paperwhite blk,1,,,,,,
,1Z86V803YW87426676,889349785096,asus x541n,1,,,,,,
,1ZWF2547YN85848746,848719056099,kindle paperwhite blk,1,,,,,,
10/26,1ZW490240352759535,848719083774,kindle blk,1,,,,,,
,1ZW49460YW54776476,848719056099,kindle paperwhite blk,1,,,,,,
,1Z1521WW0210104549,848719056099,kindle paperwhite blk,1,,,,,,
,1ZF51R630310189572,848719056099,kindle paperwhite blk,1,,,,,,
,1Z86V803YW87467864,889349785096,asus x541n,1,,,,,,
,1Z9A54160357923215,amazon open,lenovo 110-151sk,1,好了,20,,,,
,420197019200199799727014724782,848719083774,kindle blk,1,,,,,,
,420197019205590175136286014433,848719056099,kindle paperwhite blk,1,,,,,,
,420197019200199799727014726489,848719083774,kindle blk,1,,,,,,
,420197019200199799727014724249,848719083774,kindle blk,1,,,,,,
,4201970192055901795905801545052491,848719083774,kindle blk,1,,,,,,
,4201970192055901795908811259160181,848719056099,kindle paperwhite blk,1,,,,,,
,4201970192001901795905801435696887,848719083774,kindle blk,1,,,,,,
,4201970192001901795912807745159531,848719056099,kindle paperwhite blk,1,,,,,,
,4201970192055901795905801042860674,848719083774,kindle blk,1,,,,,,
,420197019261299991409255060877,3605971530456,lancome gift set box,1,,,,,,
,,,lacome mousse confort,1,,,,,,
,9622080430002755703200414140405897,773602442607,mac,4,,,,,,
10/27,420197019205590175136286005752,848719056099,kindle paperwhite blk,1,,,,,,
,420197019205590175136286005905,848719056099,kindle paperwhite blk,1,,,,,,
,420197019261299991409255221100,bonton,estee laude big gift set,1,,,,,,
,1Z872A120335656873,,nordstrom gift,1,,,,,,
,1ZE4W1680398717538,,xbxonde 500gb white,2,,,,,,
,,,xbxone controll,2,,,,,,
,,887256015664,xboxone for honor,2,,,,,,
,420197019261299991409255224897,bonton,estee lauder gist set,1,,,,,,
10/30,4201970192055901795905819493429906,884116218746,dell i3162-0003blu,1,,,,,,
,9205599799651186150090,884116218746,dell i3162-0003blu,1,,,,,,
,1ZV7855E0338290101,884116218746,dell i3162-0003blu,1,,,,,,
,1ZWF25470385989540,884116218746,dell i3162-0003blu,1,,,,,,
,1ZWF2547YW86033438,884116218746,dell i3162-0003blu,1,,,,,,
,1ZWF25470385961257,884116218746,dell i3162-0003blu,1,,,,,,
,1ZV7855EYW38290630,884116218746,dell i3162-0003blu,1,,,,,,
,1ZWF25470385977722,884116218746,dell i3162-0003blu,1,,,,,,
,1ZW494600354829087,884116218746,dell i3162-0003blu,1,,,,,,
,1ZV7855E0338290147,884116218746,dell i3162-0003blu,1,,,,,,
,1ZWF25470385978025,884116218746,dell i3162-0003blu,1,,,,,,
,1ZWF25470385960758,884116218746,dell i3162-0003blu,1,,,,,,
,1ZV7855EYW38290390,884116218746,dell i3162-0003blu,1,,,,,,
,,,,13,,,,,,
,1ZE13F46P298961878,,estau lauder smoky,1,,,,,,
,,,detox renew,2,,,,,,
,1ZE13F46P298961869,,estau lauder smoky,1,,,,,,
,,,detox renew,2,,,,,,
,1ZE13F46P298961887,,estau lauder smoky,1,,,,,,
,,,detox renew,2,,,,,,
10/31,1ZF8078Y0310118603,884116218746,dell i3162-0003blu,1,,,,,,
,1ZWF25470386013476,884116218746,dell i3162-0003blu,1,,,,,,
,1ZWF25470386012995,884116218746,dell i3162-0003blu,1,,,,,,
,1015623313740001970100718904302263,190780197240,hp envy 17t-u100,1,,,,,,
,1ZE13F46P298961841,,estau lauder smoky,1,,,,,,
,,,detox renew,2,,,,,,
,1Z56649EP225938682,,estau lauder smoky,1,,,,,,
,,,repair renew,1,,,,,,
,1ZE194580317473057,,use gear war 2tb,1,,,,,,
,1Z2929AE0321441003,amazon open,dell i3567-3629blk,1,no good,,,,,
,,,,,,,,,,
11/1,1ZWF2547YW86092955,884116218746,dell i3162-0003blu,1,,,,,,
,1ZWF2547YW86093221,884116218746,dell i3162-0003blu,1,,,,,,
,1Z3Y57W7YW27452897,45496903749,super mario brio,3,,,,,,
,1ZE13F46P298972562,,estau lauder smoky,1,,,,,,
,,,detox renew,2,,,,,,
,1Z56649EP226014696,,estau lauder smoky,1,,,,,,
,,,detox renew,2,,,,,,
,1Z56649EP226011091,,modrern gift set,1,,,,,,
,,,detox renew,2,,,,,,
,1Z56649EP225989172,,modrern gift set,1,,,,,,
,,,detox renew,2,,,,,,
,1ZE13F46P298972553,,estau lauder smoky,1,,,,,,
,,,detox renew,2,,,,,,
,420197019261299994738578782669,,modern gift set,1,,,,,,
,420197019261299994738578782720,,modern gift set,1,,,,,,
,420197019261299994738578782645,,modern gift set,1,,,,,,
,420197019261299994738578782607,,modern gift set,1,,,,,,
,420197019261299994738578782683,,modern gift set,1,,,,,,
,1Z3Y5712YW27458223,45496903749,super mario brio,3,,,,,,
,1Z9702YW4200490956,amazone new,lenovo 110-151sk,7,,,,,,
,1Z3Y09F10314489237,amazone new,hp all in one 27-a210,1,,,,,,
,1Z3Y09F10314484536,amazon open,dell xps 8920 blk,1,只是open 而已里面都是新的,,,,,
,,,,,,,,,,
11/2,1001901724670001970100414717955404,45496781514,new nintendo 3ds xl,2,,,,,,
,1001901724670001970100414717934667,45496781514,new nintendo 3ds xl,2,,,,,,
,1001901724670001970100414717955643,45496781514,new nintendo 3ds xl,2,,,,,,
,1001901724670001970100414719745250,45496781514,new nintendo 3ds xl,2,,,,,,
,1001901724670001970100414719747171,45496781514,new nintendo 3ds xl,2,,,,,,
,1001901724670001970100414717948505,45496781514,new nintendo 3ds xl,2,,,,,,
,420197019361289681090292194296,673419265362,lego 41326,2,,,,,,
,420197019361289681090292189018,673419265362,lego 41326,2,,,,,,
,420197019361289681090292171167,673419265362,lego 41326,2,,,,,,
,420197019361289681090292169515,673419265362,lego 41326,2,,,,,,
,420197019361289681090292306439,190781092087,hp all in one 24-b240,1,,,,,,
,1ZY8F694YN24511875,45496904227,wiiu pokken,3,,,,,,
,1ZY8F938YN24490775,45496904227,wiiu pokken,3,,,,,,
,1Z973F40YN28985646,45496904227,wiiu pokken,3,,,,,,
,1Z9728WYYN29058492,45496904227,wiiu pokken,3,,,,,,
,1ZY69479YW24503580,45496904227,wiiu pokken,3,,,,,,
,,45496903749,super mario brio,3,,,,,,
,1ZY8F705YN24496825,45496904227,wiiu pokken,3,,,,,,
,1Z973F450328953859,45496903749,super mario brio,3,,,,,,
,1ZF95R410300013050,45496781514,new nintendo 3ds xl,1,,,,,,
,1ZY8F996YW24565766,45496781514,new nintendo 3ds xl,3,,,,,,
,1ZY82F360337712825,673419265362,lego 41326,2,,,,,,
,1Z56649EP226011251,,estau lauder smoky,1,,,,,,
,,,detox renew,2,,,,,,
,1Z56649EP226011279,,estau lauder smoky,1,,,,,,
,,,detox renew,2,,,,,,
,1ZE13F46P299218929,,estau lauder smoky,1,,,,,,
,,,detox renew,2,,,,,,
,1Z56649EP226011402,,estau lauder smoky,1,,,,,,
,,,detox renew,2,,,,,,
,1Z56649EP226011233,,estau lauder smoky,1,,,,,,
,,,detox renew,2,,,,,,
,1ZF95R410300010866,45496781514,new nintendo 3ds xl,1,,,,,,
,1ZE4W1680394417986,889842084320,xbxoone white control,2,,,,,,
,,14633735260,xboxone fifa18,2,,,,,,
,,,xbxone 500gb,2,,,,,,
11/3,9622080430004187117400414717972841,45496781514,new nintendo 3ds xl,2,,,,,,
,9622080430000634075400411270878639,673419265362,lego 41326,12,,,,,,
,420197019361289681090292480986,673419265362,lego 41326,2,,,,,,
,420197019361289681090292504415,673419265362,lego 41326,2,,,,,,
,420197019361289681090292470697,673419265362,lego 41326,2,,,,,,
,420197019361289681090292495843,673419265362,lego 41326,2,,,,,,
,1Z9728W40329014774,814855023271,lancehead mouse,1,,,,,,
,1Z30042VYN27684281,45496904227,wiiu pokken,3,,,,,,
,1Z97016V0327801771,814855023271,lancehead mouse,2,,,,,,
,1Z3Y026F0308818305,45496781514,new nintendo 3ds xl,2,,,,,,
,1ZY8R144YW17920183,45496904227,wiiu pokken,3,,,,,,
,,45496903749,super mario brio,3,,,,,,
,1ZV999F7YW69802665,45496904227,wiiu pokken,3,,,,,,
,,45496903749,super mario brio,3,,,,,,
,1ZY82F360337729568,673419265362,lego 41326,12,,,,,,
,1ZE13F46P299219240,,estau lauder smoky,1,,,,,,
,,,detox renew,2,,,,,,
,1Z56649EP226066210,,estau lauder smoky,1,,,,,,
,,,detox renew,2,,,,,,
,1Z56649EP226011260,,estau lauder smoky,1,,,,,,
,,,detox renew,2,,,,,,
,1ZY82F360337728630,673419265362,lego 41326,12,,,,,,
,1ZY82F360337728292,673419265362,lego 41326,2,,,,,,
,1ZY82F360337727435,673419265362,lego 41326,12,,,,,,
,1ZY82F360337744569,673419265362,lego 41326,12,,,,,,
,1Z56649EP226066229,,estau lauder smoky,1,,,,,,
,,,detox renew,2,,,,,,
,1Z9R42X40330522566,97855068538,m705 mouse,4,,,,,,
,yuhua,45496904227,wiiu pokken,60,,,,,,
,yuhua,814855023271,lancehead mouse,48,,,,,,
,yuhua,,Super Mario Maker - Nintendo Wii U,100,,,,,,
,9622080430008469023600409628241600,saks fifth ave,9909 cpm lip ,1,,,,,,
,9622080430004187117400414719823133,45496781514,new nintendo 3ds xl,2,,,,,,
11/6,send china to eric fee,,化钻品,1,,309,,,,
,1Z970Y660327828872,814855023271,lancehead mouse,1,,,,,,
,1Z3Y57X30327826827,814855023271,lancehead mouse,1,,,,,,
,1Z9728VXYN29442882,45496904227,wiiu pokken,1,,,,,,
,1ZY8F706YN24990913,45496903749,super mario brio,1,,,,,,
,1ZY8F706YN24972148,45496903749,super mario brio,2,,,,,,
,1ZV98926YN70441398,45496742485,3ds pokemon dics,2,,,,,,
,1Z3004V4YN28034362,45496903756,super mario maker,1,,,,,,
,1Z3004W0YN28006309,45496904227,wiiu pokken,1,,,,,,
,1Z9719R00324590126,814855023271,lancehead mouse,2,,,,,,
,1ZY8F760YW25130937,45496903749,super mario brio,3,,,,,,
,1Z970Y79YN28258417,45496903749,super mario brio,1,,,,,,
,1ZY5F679YN24896057,45496903749,super mario brio,1,,,,,,
,1ZY5F679YN24896093,45496903749,super mario brio,2,,,,,,
,1Z3Y563V0324788002,814855023271,lancehead mouse,1,,,,,,
,1Z3Y57Y7YW28222597,45496903756,super mario maker,2,,,,,,
,,45496742508,3ds pokemon,1,,,,,,
,1ZV98F25YN70436257,45496904227,wiiu pokken,1,,,,,,
,,45496903749,super mario brio,1,,,,,,
,1Z3000W60329332442,814855023271,lancehead mouse,1,,,,,,
,1ZF95R410300064111,45496781514,new nintendo 3ds xl,1,,,,,,
,,,dog food,1,,,,,,
,1ZEA5461YN02067206,amazon new,xboxone for honor,1,,,,,,
,1z787y880384944109,amazon open,ptd 600,1,,,,,,
,1ZEA54610387115003,amazon open,hp 270-p014,1,好了,20,,,,
,yuhua,,lancehead mouse,120,,,,,,
,31970113510000024098931441802019,,hand soap,1,,,,,,
,31970113510000024098931444332018,,hand soap,1,,,,,,
,31970113510000024140699997982017,45496903756,super mario maker,1,,,,,,
,31970113510000024092638512622010,45496742485,3ds pokemon,2,,,,,,
,,45496742508,3ds pokemon,1,,,,,,
,420197019361289681090294272664,673419280976,lego 21312,2,,,,,,
,420197019361289681090294296998,673419280976,lego 21312,2,,,,,,
,420197019361289681090294276891,673419280976,lego 21312,2,,,,,,
11/7,9622001900005890827300406975125660,889842162028,xbxone 500gb blk,2,,,,,,
,420197019361289681090294816196,673419280976,lego 21312,1,,,,,,
,420197019374889681090260707783,,xboxone gear war use,1,,,,,,