 date,TRACKING,UPC,ITEM,QTY,单价,,fee,,
11/7,420197019361289681090294953037,673419267717,lego 75184,2,,,,,
,420197019361289681090295018599,673419267717,lego 75184,2,,,,,
,420197019361289681090295030881,673419267717,lego 75184,2,,,,,
,420197019361289681090295229827,673419280976,lego 21312,2,,,,,
,420197019361289681090294994023,673419267717,lego 75184,1,,,,,
,420197019361289681090294925157,673419267717,lego 75184,2,,,,,
,420197019361289681090295233688,673419280976,lego 21312,2,,,,,
,1ZY8R015YW25145759,45496903749,super mario brio,3,,,,,
,1ZY8F874YW28241490,45496903749,super mario brio,3,,,,,
,,45496903756,super mario maker,2,,,,,
,1ZY8F675YN25141086,45496742485,3ds pokemon dics,1,,,,,
,1Z3004R8YW28266351,45496903749,super mario brio,3,,,,,
,1Z9728X1YN29881234,45496742485,3ds pokemon dics,1,,,,,
,1Z300VW30324905887,814855023271,lancehead mouse,1,,,,,
,1ZY8F749YW25104184,45496903749,super mario brio,3,,,,,
,1Z973F40YN29832844,45496903756,super mario maker,1,,,,,
,1Z973F40YN29788054,45496742485,3ds pokemon dics,2,,,,,
,1Z9728WWYN19136581,45496903749,super mario brio,2,,,,,
,1Z30043XYN28252053,45496742485,3ds pokemon dics,1,,,,,
,,45496904227,wiiu pokken,1,,,,,
,1Z97015VYN28712983,45496742485,3ds pokemon dics,2,,,,,
,1Z9728X1YN29894864,45496903749,super mario brio,1,,,,,
,1Z973F45YN29775728,45496903749,super mario brio,1,,,,,
,1Z9728R8YN29662124,45496903749,super mario brio,1,,,,,
,1Z97016VYN28356135,45496742485,3ds pokemon dics,3,,,,,
,1Z973FY10330365889,45496742485,3ds pokemon dics,2,,,,,
,1Z3004V4YN28481656,45496742485,3ds pokemon dics,2,,,,,
,1ZY8F759YN25176961,45496903749,super mario brio,2,,,,,
,1Z3Y57Y0YW28441363,,nitendo swith blue red,2,,,,,
,1Z3Y5729YN28450204,45496742485,3ds pokemon dics,2,,,,,
,1Z30042X0328045966,814855023271,lancehead mouse,1,,,,,
,1Z3Y5729YN28450348,45496742485,3ds pokemon dics,2,,,,,
,1ZY8F938YN25395457,45496903749,super mario brio,2,,,,,
,1Z9719R70329457544,814855023271,lancehead mouse,1,,,,,
,1Z9728X1YN29774798,45496903756,super mario maker,1,,,,,
,1Z3Y5729YN28450286,45496742485,3ds pokemon dics,2,,,,,
,1Z3Y5689YW28248655,45496903749,super mario brio,3,,,,,
,1Z973F34YN29713538,45496903749,super mario brio,2,,,,,
,1Z3004W0YN28778342,45496903756,super mario maker,1,,,,,
,1Z3004R70328666204,,nitendo swith blue red,2,,,,,
,,45496591694,super mario swith,3,,,,,
,1Z3004V40328581048,45496591694,super mario swith,2,,,,,
,1ZY8F987YW25104000,45496903749,super mario brio,3,,,,,
,1Z97230A0318425161,814855023271,lancehead mouse,1,,,,,
,1ZY8F695YW25188643,45496903749,super mario brio,3,,,,,
,1Z3Y5688YW28488219,,nitendo swith blue red,2,,,,,
,1Z9728V4YW29790045,45496903749,super mario brio,3,,,,,
,1Z3Y56880328532534,,nitendo swith blue red,2,,,,,
,,45496591694,super mario swith,2,,,,,
,1Z3Y57R3YN28131787,45496904227,wiiu pokken,3,,,,,
,1ZV99056YW70384054,45496903749,super mario brio,3,,,,,
,,45496903756,super mario maker,1,,,,,
,1Z3004Y30328165176,45496903749,super mario brio,3,,,,,
,1Z3004Y30328165194,45496903756,super mario maker,2,,,,,
,,45496903749,super mario brio,3,,,,,
,1Z2E24F1YW32002102,,nitendo swith blue red,1,,,,,
,1ZY8F6920325251756,,nitendo swith blue red,2,,,,,
,,45496591694,super mario swith,1,,,,,
,1Z3Y57150328993476,45496591694,super mario swith,3,,,,,
,1ZY8F6920325251729,,nitendo swith blue red,2,,,,,
,,45496591694,super mario swith,3,,,,,
,,45496742485,3ds pokemon dics,1,,,,,
,1Z9R42X40330548708,,m705 mouse,20,,,,,
,1ZY5134X0301369663,,m705 mouse,5,,,,,
,1ZY8A3940317902092,,m705 mouse,4,,,,,
,1Z3Y09F14214632383,amazon new,asus q524u,4,,,,,
,1Z2929AE0321506694,amazon open,hp all in one pc27-a210,1,好了,20,,,
,1Z2929AE0321508487,amazon open ,asus gtx1070,1,,,,,
,1z3y09f10314484134,amazon open,dell xps 8920 blk,1,,,,,
,9622001900005890827300409145093243,889842162028,xbxone 500gb blk,1,,,,,
,9622080430000058109600788347962809,673419267717,lego 75184,2,,,,,
,9622080430004187117400414719904222,45496781514,3ds nitendo,2,,,,,
,9622001900005890827300406975125638,889842162028,xbxone 500gb blk,1,,,,,
,1Z3004W6YN28231877,45496903749,super mario brio,1,,,,,
,1001901720490001970100414718110675,45496781514,3ds nitendo,2,,,,,
,31970114510000024092638516202011,,nitendo swith blue red,1,,,,,
,31970114510000024092638520522011,45496742485,3ds pokemon dics,2,,,,,
,31970114510000024092638515382015,45496742485,3ds pokemon dics,2,,,,,
11/8,9612019094534320000536,814855023271,lancehead mouse,1,,,,,
,9612019578236470001841,45496904227,poken wiiu,1,,,,,
,,45496903756,super mario maker,2,,,,,
,9622080430000634075400411270951933,,lego 41326,2,,,,,
,9622080430000634075400411270967910,,lego 41326,2,both box no good ,,,,
,1Z3Y56130325082890,814855023271,lancehead mouse,1,,,,,
,1Z97015X0329318243,45496903756,super mario maker,1,,,,,
,1Z0F579VYW70411808,45496903749,super mario brio,3,,,,,
,1Z30002WYW29736068,45496904227,poken wiiu,1,,,,,
,,45496903756,super mario maker,2,,,,,
,1Z3Y563XYW25326631,45496742485,3ds pokemon dics,3,,,,,
,,45496903749,super mario brio,3,,,,,
,1Z3Y5638YW25208405,45496742485,3ds pokemon dics,1,,,,,
,,45496903749,super mario brio,3,,,,,
,1Z3Y6569YW30030020,45496742485,3ds pokemon dics,3,,,,,
,,45496903749,super mario brio,3,,,,,
,1ZY8R1110318635595,814855023271,lancehead mouse,1,,,,,
,1Z3Y57W0YW28203041,45496904227,poken wiiu,1,,,,,
,,45496903756,super mario maker,2,,,,,
,1Z9714RW0329823411,45496742485,3ds pokemon dics,1,,,,,
,,45496903749,super mario brio,3,,,,,
,,45496903756,super mario maker,2,,,,,
,1Z3Y57X4YW28238416,45496903749,super mario brio,3,,,,,
,1Z300FR40324934083,814855023271,lancehead mouse,1,,,,,
,1Z3Y57V5YN28184473,45496903749,super mario brio,1,,,,,
,1Z30042RYN28201940,45496904227,poken wiiu,1,,,,,
,1Z3001A5YW29804310,45496904227,poken wiiu,1,,,,,
,,45496903756,super mario maker,2,,,,,
,1Z2713000340914253,,m705 mouse,4,,,,,
,1Z3Y659RYW29758469,45496904227,poken wiiu,1,,,,,
,,45496903756,super mario maker,2,,,,,
,1ZY82F360337962832,,lego 41326,1,,,,,
,1ZY8R025YW18699503,45496904227,poken wiiu,1,,,,,
,,45496903756,super mario maker,2,,,,,
,1ZV98425YW70382607,45496904227,poken wiiu,1,,,,,
,,45496903756,super mario maker,2,,,,,
,1ZY8F881YW29768960,45496903756,super mario maker,2,,,,,
,,45496903749,super mario brio,3,,,,,
,1ZY8F6770325887027,45496591694,super mario swith,3,,,,,
,1ZY8R022YW19240126,,swith red blue,2,,,,,
,1ZY8R094YN18735378,45496904227,poken wiiu,1,,,,,
,1Z01E24W0370167370,814855023271,lancehead mouse,1,,,,,
,1Z30041X0329093118,45496591694,super mario swith,3,,,,,
,1ZY8F7600325878058,45496591694,super mario swith,3,,,,,
,1Z2E24F1YW32376003,,swith red blue,2,,,,,
,1ZY8F928YW18689530,45496903749,super mario brio,3,,,,,
,1Z3Y16F60303656027,,logitech g29,1,,,,,
,1Z3Y16F60303654421,,logitech g29,1,,,,,
,1Z3Y5681YW28248606,45496903749,super mario brio,3,,,,,
,1Z2713000340914226,,m705 mouse,4,,,,,
,1Z2713000340914191,,m705 mouse,4,,,,,
,1Z3Y571EYW28190431,45496903749,super mario brio,3,,,,,
,1ZY8F919YW18671486,45496903749,super mario brio,3,,,,,
,1ZV98F28YN70420393,45496904227,poken wiiu,1,,,,,
,1Z97015AYW28195635,45496904227,poken wiiu,1,,,,,
,,45496903756,super mario maker,2,,,,,
,1Z971VV10325140866,814855023271,lancehead mouse,1,,,,,
,1ZY5148X0301606570,,m705 mouse,20,,,,,
,1ZY5148X0301606561,,m705 mouse,20,,,,,
,1ZY5148X0301611644,,m705 mouse,20,,,,,
,1Z2713000340914235,,m705 mouse,4,,,,,
,1Z2713000340914155,,m705 mouse,4,,,,,
,1Z300FV40325133531,814855023271,lancehead mouse,1,,,,,
,1Z3000X6YW30036565,45496903749,super mario brio,3,,,,,
,1ZY8F955YW18633173,45496903749,super mario brio,3,,,,,
,1Z3018X91211436174,,lego 21312,2,,,,,
,1Z3Y16F60303655788,,logitech g29,2,,,,,
,1Z3Y16F60303653771,,logitech g29,2,,,,,
,1Z3Y16F60303658016,,logitech g29,2,,,,,
,1Z3Y16F60303652656,,logitech g29,2,,,,,
,1ZW85R210353467290,amazon new,dell s2817q,2,,,,,
,1zw85r210353352476,amazon new,dell s2817q,2,,,,,
,31970115310000027380252358532019,,lamer 大礼盒,1,,,,,
,1Z9Y68R00392397770,,m705 mouse,1,,,,,
,,,,,,,,,
11/9,1Z97Y2070325357345,45496903749,super mario brio,1,,,,,
,,45496742485,3ds pokemon dics,3,,,,,
,1Z300FX2YW25110836,45496904227,poken wiiu,1,,,,,
,,45496903756,super mario maker,2,,,,,
,1Z97Y2E90325114508,45496903749,super mario brio,3,,,,,
,,45496904227,poken wiiu,1,,,,,
,,45496903756,super mario maker,2,,,,,
,1Z972WE10318637552,814855023271,lancehead mouse,1,broke,,,,
,1Z97279X0329931359,45496591694,super mario swith,3,,,,,
,,45496903749,super mario brio,3,,,,,
,,45496742485,3ds pokemon dics,1,,,,,
,1Z2E24F10332541144,45496782214,2ds super mario,3,,,,,
,1ZY8F724YW29750462,45496904227,poken wiiu,1,,,,,
,,45496903756,super mario maker,2,,,,,
,1ZV988520371380280,852239005154,ring cam,1,,,,,
,1Z30003EYW29824806,45496904227,poken wiiu,1,,,,,
,,45496903756,super mario maker,1,,,,,
,1Z3Y66E90318645092,814855023271,lancehead mouse,1,,,,,
,1Z3Y65W2YW29807753,45496904227,poken wiiu,1,,,,,
,,45496903756,super mario maker,2,,,,,
,1Z971E150370445521,814855023271,lancehead mouse,1,,,,,
,1Z971E1R0370440484,814855023271,lancehead mouse,1,,,,,
,1Z971ER50370419356,814855023271,lancehead mouse,1,,,,,
,1Z9728W00370475723,814855023271,lancehead mouse,1,,,,,
,1ZY8F9070328269253,814855023271,lancehead mouse,1,,,,,
,1Z3Y6510YN30086356,814855023271,lancehead mouse,1,,,,,
,1Z9723Y60318663463,814855023271,lancehead mouse,1,,,,,
,1Z972F600325120851,814855023271,lancehead mouse,1,,,,,
,1Z300WX10318694887,814855023271,lancehead mouse,1,,,,,
,1Z972WE80318769282,814855023271,lancehead mouse,1,,,,,
,1Z3Y65W7YW29715530,45496904227,poken wiiu,1,,,,,
,,45496903756,super mario maker,2,,,,,
,1Z9714FA0325142777,45496904227,poken wiiu,1,,,,,
,,45496903756,super mario maker,2,,,,,
,1Z3Y56520325269464,45496903749,super mario brio,3,,,,,
,1Z3Y66E40318680446,814855023271,lancehead mouse,1,,,,,
,1Z971V2A0329688928,814855023271,lancehead mouse,1,,,,,
,1Z300FV50325117673,814855023271,lancehead mouse,1,,,,,
,1Z300FW40325913376,814855023271,ring cam,1,,,,,
,1Z9719VE0325097671,45496904227,poken wiiu,1,,,,,
,,45496903756,super mario maker,2,,,,,
,1Z9728F10318731478,45496904227,poken wiiu,1,,,,,
,,45496903756,super mario maker,2,,,,,
,1Z9723Y60318732085,45496904227,poken wiiu,1,,,,,
,,45496903756,super mario maker,2,,,,,
,,45496742485,3ds pokemon dics,1,,,,,
,1ZY8F8860328194535,814855023271,lancehead mouse,1,,,,,
,1Z300W0R0318695983,814855023271,lancehead mouse,1,,,,,
,1ZY8F8730328245718,814855023271,lancehead mouse,1,,,,,
,1Z300WR70318652890,814855023271,lancehead mouse,1,,,,,
,1Z30000E0329717601,45496904227,poken wiiu,1,,,,,
,,45496903756,super mario maker,2,,,,,
,1ZY8F7290328178108,814855023271,lancehead mouse,1,,,,,
,1Z9R42W30312462426,,m705 mouse,20,,,,,
,1Z3Y52A60325169931,45496904227,poken wiiu,1,,,,,
,,45496742485,3ds pokemon dics,1,,,,,
,1ZA0F6500302604479,45496782214,2ds super mario,1,,,,,
,1Z300WV70318672623,814855023271,lancehead mouse,1,,,,,
,1Z3001E20329724899,814855023271,lancehead mouse,1,,,,,
,1Z300WW20318657087,814855023271,lancehead mouse,1,,,,,
,1ZWA10760370454574,814855023271,lancehead mouse,1,,,,,
,1Z300FX60325159973,814855023271,lancehead mouse,1,,,,,
,1Z3Y53340325093317,814855023271,lancehead mouse,1,,,,,
,1Z3000W70329743952,45496904227,poken wiiu,1,,,,,
,,45496903756,super mario maker,2,,,,,
,1Z97Y53V0328265643,45496904227,poken wiiu,1,,,,,
,1Z3Y65970318663799,814855023271,lancehead mouse,1,,,,,
,1Z3000YW0329730764,45496903756,super mario maker,2,,,,,
,,45496904227,poken wiiu,1,,,,,
,1Z972F7R0329809852,814855023271,lancehead mouse,1,,,,,
,1Z3001EV0329982984,45496591694,super mario swith,3,,,,,
,,45496742485,3ds pokemon dics,1,,,,,
,,45496903749,super mario brio,3,,,,,
,1Z3001E60330050633,45496591694,super mario swith,3,,,,,
,,45496742485,3ds pokemon dics,1,,,,,
,,45496903749,super mario brio,3,,,,,
,,,nitendo swith red blue,2,,,,,
,9622080430003248063300409243472187,45496781514,3ds xl,1,,,,,
,9612019232384020001863,814855023271,lancehead mouse,1,,,,,
,1Z300FR9YW25408740,45496903749,super mario brio,3,,,,,
,,45496742485,3ds pokemon dics,3,,,,,
,1ZY8F915YW28298039,45496903749,super mario brio,3,,,,,
,,45496903756,super mario maker,2,,,,,
,1Z9723X40318697235,814855023271,lancehead mouse,1,,,,,
,1Z9719VE0325069577,814855023271,lancehead mouse,1,,,,,
,1ZA0F6500302604488,45496782214,2ds super mario,1,,,,,
,1ZY8F6710318801937,45496591694,super mario swith,3,,,,,
,,45496742485,3ds pokemon dics,1,,,,,
,,45496903749,super mario brio,3,,,,,
,1Z3Y16F60303665231,,g29,1,,,,,
,1Z3001A20329804118,45496903756,super mario maker,2,,,,,
,,45496904227,poken wiiu,1,,,,,
,1Z602AX61377339498,,g29,2,,,,,
,1Z602AX61377339612,,g29,1,,,,,
,1ZY8F7230326182028,45496591694,super mario swith,3,,,,,
,1Z83V5070335633925,889842251647,xboxone 500gb madden 18,1,,,,,
,420197019274899997988742052187,47875881129,xboxone call duty,1,,,,,
,420197019261290203606646248657,45496782214,2ds super mario,3,,,,,
,1Z5E76190363574068,,m705 mouse,19,,,,,
11/10,9612019232393120000690,814855023271,lancehead mouse,1,,,,,
,9622080430000046899000788348439240,,lego 75184,2,,,,,
,9622080430003077116300740268732250,889349785096,asus x541,1,,,,,
,1ZV7855E0338816025,887276242712,samung 500c13-s03,1,,,,,
,1Z97Y2050325959583,,swith red blue,2,,,,,
,,45496591694,super mario swith,3,,,,,
,,,ring cam,1,,,,,
,1Z300WX90318995154,814855023271,lancehead mouse,1,,,,,
,1Z300WF40318717729,814855023271,lancehead mouse,1,,,,,
,1ZE336250353895941,,xbxone controll blk,1,,,,,
,1Z97279R0370412683,814855023271,lancehead mouse,1,,,,,
,1Z3Y65X50370484301,814855023271,lancehead mouse,1,,,,,
,1Z300WF30318916828,814855023271,lancehead mouse,1,,,,,
,1Z300F780370446438,814855023271,lancehead mouse,1,,,,,
,1ZV977880370944466,814855023271,lancehead mouse,1,,,,,
,1ZY8R0720328296053,814855023271,lancehead mouse,1,,,,,
,1Z97048F0330748658,,ring cam,1,,,,,
,1Z972WF60319111714,814855023271,lancehead mouse,1,,,,,
,1ZA407020306974123,97855105073,logitech g502 mouse,1,,,,,
,,,g600,1,,,,,
,1ZA40702YN06974776,97855105073,g403,1,,,,,
,1ZV7855E1338908292,,g403,1,,,,,
,1Z300F900370465877,814855023271,lancehead mouse,1,,,,,
,1ZY8F8430330243683,814855023271,lancehead mouse,1,,,,,
,1ZV986510370424794,814855023271,lancehead mouse,1,,,,,
,1ZV987090370473354,814855023271,lancehead mouse,1,,,,,
,1ZY8F9030330032368,814855023271,lancehead mouse,1,,,,,
,1ZWA03460370397143,814855023271,lancehead mouse,1,,,,,
,1ZWF25470386481372,887276242712,samung 500c13-s03,1,,,,,
,1ZA0F6504202612717,45496782214,nitendo 2ds,1,,,,,
,,45496782023,new 3dsxl,2,,,,,
,1ZV7855E1338908756,,g403,1,,,,,
,1ZV980150370754604,814855023271,lancehead mouse,1,,,,,
,1ZY8F8010328585049,814855023271,lancehead mouse,1,,,,,
,1Z300WR60318764913,814855023271,lancehead mouse,1,,,,,
,1Z300F9W0370447899,814855023271,lancehead mouse,1,,,,,
,1ZY8R0570330117770,814855023271,lancehead mouse,1,,,,,
,1Z971A7Y0370470315,814855023271,lancehead mouse,1,,,,,
,1Z3Y67380308943648,852239005024,ring doorbell,1,,,,,
,1ZY8A3940317971599,46677472009,philips hue,3,,,,,
,1ZY8A3940317969093,46677472009,philips hue,3,,,,,
,,852239005024,ring doorbell,1,,,,,
,1ZV7855E0338852183,,g502,1,,,,,
,1ZA0F6500302611970,45496782214,nitendo 2ds,1,,,,,
,1ZV7855E0338848045,887276242712,samung 500c13-s03,1,,,,,
,,,g403,1,,,,,
,1ZV7855E0338861851,887276242712,samung 500c13-s03,1,,,,,
,,,g403,1,,,,,
,1ZY8R0860330176358,814855023271,lancehead mouse,1,,,,,
,1ZA0F6500302612040,45496782214,nitendo 2ds,1,,,,,
,1Z9723X80318715396,814855023271,lancehead mouse,1,,,,,
,1Z97279W0329732503,814855023271,lancehead mouse,1,,,,,
,1ZY8F7420330208073,814855023271,lancehead mouse,1,,,,,
,1Z972WF40318686547,814855023271,lancehead mouse,1,,,,,
,1Z300F460370830957,814855023271,lancehead mouse,1,,,,,
,1Z9728E60319675181,,ring cam,1,,,,,
,1Z972WE50318751402,814855023271,lancehead mouse,1,,,,,
,1Z6Y3A560372922177,,ring doorbell,1,,,,,
,1Z5E76190363590031,,m705 mouse,20,,,,,
,1Z602F9A0356228562,,g29,1,,,,,
,1Z602F9A0356227278,,g29,1,,,,,
,1Z602F9A0356228893,,g29,2,,,,,
,1Z602F9A0356227821,,g29,2,,,,,
11/12,9622080430003077116300740268746418,884116275664,dell i3567-5664 blk,1,,,,,
,9622080430003077124400746787889204,,g502,1,,,,,
,,,g403,1,,,,,
,9622080430003077124400746787888425,,g502,1,,,,,
,,,g403,1,,,,,
,4201970192055901795905805698097828,,g403,1,,,,,
,420197019361289681090296357055,,g29,1,,,,,
,1001901721220001970100680015132071,,g29,1,,,,,
,1001910521360001970100707503350812,,swith red blue,1,,,,,
,1001901721220001970100680015132082,,g29,1,,,,,
,420197019361289681090296845231,,philips hue,3,,,,,
,,,ring doorbell,1,,,,,
,420197019361289681090296879106,,philips hue,3,,,,,
,,,ring doorbell,1,,,,,
11/13,420197019361289681090297582821,,m705 mouse,25,,,,,
,420197019361289681090297739034,,m705 mouse,27,,,,,
,yuhua ,,super mario maker,78,,,,,
,1Z5E76190363605604,,m705 mouse,3,,,,,
,1Z971E1E0325103214,814855023271,lancehead mouse,1,,,,,
,1Z971E4V0370717792,814855023271,lancehead mouse,1,,,,,
,9612019094419020001826,814855023271,lancehead mouse,1,,,,,
,1ZY8F8830330035985,814855023271,lancehead mouse,1,,,,,
,1ZY8R0300328288659,814855023271,lancehead mouse,1,,,,,
,1Z9714WV0370379849,814855023271,lancehead mouse,1,,,,,
,1Z97278V0325289342,814855023271,lancehead mouse,1,,,,,
,1Z97231R0325142547,814855023271,lancehead mouse,1,,,,,
,1Z300F450370746292,814855023271,lancehead mouse,1,,,,,
,1Z97279E0329832964,814855023271,lancehead mouse,1,,,,,
,1ZY8F8440329834125,814855023271,lancehead mouse,1,,,,,
,1Z300F570370792504,814855023271,lancehead mouse,1,,,,,
,1Z971TT30370723813,814855023271,lancehead mouse,1,,,,,
,1ZA0F6500302617518,45496782023,new 3dsxl,1,,,,,
,1ZWA12490370841783,814855023271,lancehead mouse,1,,,,,
,1Z300F990370449842,814855023271,lancehead mouse,1,,,,,
,1Z300F490370809421,814855023271,lancehead mouse,1,,,,,
,1Z300F320370531618,814855023271,lancehead mouse,1,,,,,
,1ZY8R0060329827575,814855023271,lancehead mouse,1,,,,,
,1ZY8F8180330074289,814855023271,lancehead mouse,1,,,,,
,1ZY8F7370329956330,814855023271,lancehead mouse,1,,,,,
,1Z971VA10370488390,814855023271,lancehead mouse,1,,,,,
,1Z300F820370696786,814855023271,lancehead mouse,1,,,,,
,1Z9714VW0370446702,814855023271,lancehead mouse,1,,,,,
,1Z300F410371505833,,ring cam,2,,,,,
,1ZV7855E0338941523,,g403,1,,,,,
,,,g502,1,,,,,
,1ZA406960219074266,,g600,1,,,,,
,1ZWF25470386644731,,g502,2,,,,,
,1ZW494600355274193,,ring doorbell,3,,,,,
,1ZV7855E0338958453,,g403,1,,,,,
,,,g402,1,,,,,
,1ZV7855EYW38922706,,ring doorbell,1,,,,,
,1ZY8R0740319073780,814855023271,lancehead mouse,1,,,,,
,1ZV9812X0370465003,814855023271,lancehead mouse,1,,,,,
,1ZY8F9010330138507,814855023271,lancehead mouse,1,,,,,
,1ZA407020306987084,,g403,1,,,,,
,,,g502,1,,,,,
,1ZWF25470386644937,,g502,2,,,,,
,1Z300F670370397397,814855023271,lancehead mouse,1,,,,,
,1Z300F420370518016,814855023271,lancehead mouse,1,,,,,
,1Z300F520370427275,814855023271,lancehead mouse,2,,,,,
,1ZY8F8920330000861,814855023271,lancehead mouse,1,,,,,
,1ZY8R0410325183710,814855023271,lancehead mouse,1,,,,,
,1ZV981E70370662953,814855023271,lancehead mouse,1,,,,,
,1Z97231Y0325509773,814855023271,lancehead mouse,1,,,,,
,1Z971VA40370427584,814855023271,lancehead mouse,1,,,,,
,1ZWF25470386632084,,g502,2,,,,,
,1ZV7855E0338945181,884116275664,dell i3567-5664 blk,1,,,,,
,1ZV7855EYW38945601,884116275664,dell i3567-5664 blk,1,,,,,
,1ZWF2547YW86572203,884116275664,dell i3567-5664 blk,1,,,,,
,1ZW494600355297221,884116275664,dell i3567-5664 blk,1,,,,,
,1ZWF25470386613470,884116275664,dell i3567-5664 blk,1,,,,,
,1ZV7855E0338942700,884116275664,dell i3567-5664 blk,1,,,,,
,1ZW494600355286797,,ring doorbell,3,,,,,
,1ZY5148X0301624372,,m705 mouse,20,,,,,
,1Z300F430370500461,814855023271,lancehead mouse,1,,,,,
,1ZA0F6500302617643,45496782023,new 3dsxl,1,,,,,
,1Z300F950370717292,814855023271,lancehead mouse,1,,,,,
,1Z602A6X0333461322,,m325,3,,,,,
,1Z21F58E0352821850,,m325,3,,,,,
,1Z9702YW4200664938,amazon new,asus q524 u,2,,,,,
,4201970192001901795905802925807844,,g402,1,,,,,
11/14,1ZF69820YW10128471,45496782214,nitendo 2ds,3,,,,,
,,45496782108,nitedo 2ds mariokart,1,,,,,
,1ZW49304YW42612914,887276242712,samung 500c13-s03,1,,,,,
,1Z86V8030287998639,887276242712,samung 500c13-s03,1,,,,,
,1ZA406960319080588,884116275664,dell i3567-5664 blk,1,,,,,
,1ZF5709VYW10126943,45496782214,nitendo 2ds,2,,,,,
,,45496782108,nitedo 2ds mariokart,2,,,,,
,1ZY8F9750330202683,814855023271,lancehead mouse,1,,,,,
,1ZA0F6500302634802,45496782214,nitendo 2ds,1,,,,,
,1ZY2F1740354940126,amazon new,xboxone 1tb battlefield,2,,,,,
,1Z3Y67380308995351,,m705 mouse,10,,,,,
,1Z301E180331961326,,m325,3,,,,,
,1ZW470W10357403558,amazon new,xboxone 1tb battlefield,2,,,,,
,1ZW470W10357404280,amazon new,xboxone 1tb battlefield,2,,,,,
,1Z971T6T0370458814,814855023271,lancehead mouse,1,,,,,
,1Z971R970370439398,814855023271,lancehead mouse,1,,,,,
,1ZY8R0660329793703,814855023271,lancehead mouse,1,,,,,
,9612019094418220001346,,noting in the box,,,,,,
,1Z3Y5729YW30905621,45496782214,nitendo 2ds,3,,,,,
,,45496782108,nitedo 2ds mariokart,3,,,,,
,1ZR14731YW10157227,45496782214,nitendo 2ds,1,,,,,
,1Z9743W70310054204,,type cover k810,4,,,,,
,1ZY2F1740354905558,amazon new,xboxone 1tb battlefield,2,,,,,
,9622080430001023424400770717728388,,saks   la praire,1,,,,,
,4201970192001901795905812876452406,,g403,1,,,,,
,420197019361289681090298436376,,swith red blue,1,,,,,
,1Z602F9A0356292724,amazon new,dell i5459-4020blk,1,,,,,
11/15,420197019261290203606646983978,45496782214,nitendo 2ds,3,,,,,
,4201970192055901795908800934691386,,ring doorbell,1,,,,,
,1001910521960001970100706984855390,,swith red blue,1,,,,,
,,,m325,3,,,,,
,420197019361289681090298794421,,k830,3,,,,,
,420197019361289681090299004833,,swith red blue,1,,,,,
,,,m325,3,,,,,
,9622080430000058117700788447570680,45496782214,nitendo 2ds,1,,,,,
,9622080430000148040600788448557164,45496782214,nitendo 2ds,1,,,,,
,,45496782108,nitedo 2ds mariokart,2,,,,,
,9622080430000058117700788447569069,45496782214,nitendo 2ds,1,,,,,
,9622080430000582933400788448029230,45496782108,nitedo 2ds mariokart,5,,,,,
,9622080430008714800000788448261570,45496782108,nitedo 2ds mariokart,4,,,,,
,,45496782214,nitendo 2ds,1,,,,,
11/16,1ZY8F946YW27801606,45496782214,nitendo 2ds,2,,,,,
,1Z3Y57Y70331270009,45496782214,nitendo 2ds,3,,,,,
,1ZY8F942YW27976408,45496782108,nitedo 2ds mariokart,2,,,,,
,,45496782214,nitendo 2ds,2,,,,,
,31970122510000024140700091152016,45496782214,nitendo 2ds,1,,,,,
,1Z97015VYW31445240,45496782214,nitendo 2ds,3,,,,,
,1ZY8F942YW27965394,45496782214,nitendo 2ds,1,,,,,
,1Z9728XWYW32965714,45496782214,nitendo 2ds,3,,,,,
,1ZY8F942YW27950695,45496782108,nitedo 2ds mariokart,1,,,,,
,1ZV7855E0339147603,,ring doorbell,3,,,,,
,1Z5R74F50301022850,,ipad pro 256g gray,5,,,,,
,1Z5R74F80303026150,192018060715,hp x360 15 aq267cl,5,,,,,
,1Z5R74F80303026105,192018060715,hp x360 15 aq267cl,5,,,,,
,1ZR14731YW10157307,45496782214,nitendo 2ds,1,,,,,
,1ZR14731YW10157343,45496782214,nitendo 2ds,1,,,,,
,1ZV7855E0339106639,884116275664,dell i3567-5664 blk,1,,,,,
,1Z3004W60331248746,45496782214,nitendo 2ds,3,,,,,
,1Z9728X1YW33097513,45496782214,nitendo 2ds,1,,,,,
,1Z602A6X0333519127,,k830,1,,,,,
,1Z3YE4580326855212,,k830,3,,,,,
,1Z3764E80307382524,,g29,1,,,,,
,1ZV7855E0339097097,884116275664,dell i3567-5664 blk,1,,,,,
,1ZR14731YW10157361,45496782214,nitendo 2ds,1,,,,,
,1Z602F9A0356300367,amazon new,dell i5459-4020blk,1,,,,,
,1Z602F9A0356300394,amazon new,dell i5459-4020blk,1,,,,,
,1Z5R74F80303026730,192018060715,hp x360 15 aq267cl,5,,,,,
,1Z5R74F80303025026,192018060715,hp x360 15 aq267cl,5,,,,,
,1Z306A440313713966,amazon new,dell i5459-4020blk,1,,,,,
,1Z602F9A0356297194,amazon new,dell i5459-4020blk,1,,,,,
,1Z602F9A0356297363,amazon new,dell i5459-4020blk,1,,,,,
,1Z306A440313713868,amazon new,dell i5459-4020blk,1,,,,,
,1ZY2F1941354544516,,m720,1,,,,,
,420197019261290203606647326620,45496782214,nitendo 2ds,3,,,,,
,420197019274890203606647317907,45496903749,super mario bro,2,,,,,
,420197019261290203606647202078,45496782108,nitedo 2ds mariokart,3,,,,,
,,45496782214,nitendo 2ds,3,,,,,
,420197019361289681090299560872,,k830,3,,,,,
,,,m325,3,,,,,
,420197019361289681090299563507,,k830,3,,,,,
,,,m720,3,,,,,
,420197019361289681090299383549,,k830,3,,,,,
,,,m720,3,,,,,
11/16,9622080430000048772400788455829315,45496782108,nitedo 2ds mariokart,5,,,,,
,,45496782214,nitendo 2ds,1,,,,,
,9622080430000058146400788448414537,45496782214,nitendo 2ds,1,,,,,
,9622080430000048773500788448050291,45496782108,nitedo 2ds mariokart,5,,,,,
,,45496782214,nitendo 2ds,1,,,,,
,9622080430000582923100788447927718,45496782108,nitedo 2ds mariokart,5,,,,,
,,45496782214,nitendo 2ds,1,,,,,
,9622080430008707798500788447674082,45496782108,nitedo 2ds mariokart,5,,,,,
,,45496782214,nitendo 2ds,1,,,,,
,9622080430000048763200788447806500,45496782108,nitedo 2ds mariokart,5,,,,,
,,45496782214,nitendo 2ds,1,,,,,
,9622080430000058146400788450853546,45496782108,nitedo 2ds mariokart,1,,,,,
,9622080430000048767600788447600080,45496782108,nitedo 2ds mariokart,5,,,,,
,,45496782214,nitendo 2ds,1,,,,,
,9622080430000058105200788464408777,45496782108,nitedo 2ds mariokart,3,,,,,
,9622080430000048757300788448212653,45496782108,nitedo 2ds mariokart,5,,,,,
,,45496782214,nitendo 2ds,1,,,,,
,420197019261299990347338855167,,ipad pro 64g rg,5,,,,,
,420197019261299990347338856225,,ipad pro 64g silver,5,,,,,
,420197019261299990347338864800,,ipad pro 256g silver,2,,,,,
,420197019261299990347338866132,,ipad pro 256g gold,2,,,,,
,420197019261299990347338853217,,ipad pro 256g gray,5,,,,,
,420197019261299990347338853958,,ipad pro 256g gray,5,,,,,
,420197019261299990347338859165,,ipad bro 64g gray,5,,,,,
,420197019261299990347338854894,,ipad pro 256g rg,2,,,,,
,420197019261299990347338853965,,ipad pro 256g rg,5,,,,,
,420197019261299990347338858304,,ipad pro 256g gold,5,,,,,
,420197019261299990347338853170,,ipad pro 256g gray,5,,,,,
,9261299990347338864015,,ipad pro 64g gold,2,,,,,
,420197019261299990347338866033,,ipad pro 256g gold,2,,,,,
,420197019261299990347338855143,,ipad pro 64g rg,5,,,,,
,420197019261299990347338856188,,ipad pro 64g silver,5,,,,,
,420197019261299990347338849272,,ipad pro 256g gray,5,,,,,
,420197019261299990347338855174,,ipad pro 64g rg,3,,,,,
,420197019261299990347338853866,,ipad pro 256g rg,3,,,,,
,420197019261299990347338855204,,ipad pro 64g rg,5,,,,,
,420197019261299990347338855211,,ipad pro 64g rg,5,,,,,
,420197019261299990347338858311,,ipad pro 256g silver,5,,,,,
,,,ipad pro 256g gold,2,,,,,
,420197019261299990347338849791,,ipad pro 256g silver,5,,,,,
,420197019261299990347338849036,,ipad pro 64g gray,3,,,,,
,9622080430000058101900788465066845,45496782214,nitendo 2ds,1,,,,,
,9622001900000633765500409526670211,673419267717,lego 75184,12,,,,,
,9622001900000633765500410639875190,673419267717,lego 75184,12,,,,,
,1ZY8F705YW27828294,45496782214,nitendo 2ds,2,,,,,
,1ZA0F6500302695523,47875881129,xboxone call duty,1,,,,,
,,14633373691,xboxone fifa 18,1,,,,,
,1Z51V2520359842028,45496782214,nitendo 2ds,1,,,,,
,1ZY1856V0328394389,,mango count,1,,,,,
,1Z86V8030387981805,887276242712,samung 500c13-s03,1,,,,,
,1Z86V8030387962335,887276242712,samung 500c13-s03,1,,,,,
,1Z86V8030387967009,887276242712,samung 500c13-s03,1,,,,,
,1Z86V8030387976615,887276242712,samung 500c13-s03,1,,,,,
,1Z86V8030387955352,887276242712,samung 500c13-s03,1,,,,,
,1Z86V8030387955576,887276242712,samung 500c13-s03,1,,,,,
,1Z86V8030387948897,887276242712,samung 500c13-s03,1,,,,,
,1Z86V8030387965127,887276242712,samung 500c13-s03,1,,,,,
,1Z377R950325499993,,lego 75184,2,,,,,
,1Z377R950325488594,,lego 75184,2,,,,,
,1Z9723X00321173006,,swith mario,1,,,,,
,1Z377R950325499046,,lego 75184,2,,,,,
,1Z5R74F80303182366,,centrum silver 药,2,,,,,
,1ZA0F6500302700445,47875881129,xboxone call duty,2,,,,,
,,14633373691,xboxone fifa 18,2,,,,,
,1Z3Y67380309080248,,m720,3,,,,,
,1ZY853E7YW16461772,45496782214,nitendo 2ds,3,,,,,
,,45496782108,nitedo 2ds mariokart,3,,,,,
,1Z9728W8YW21989089,45496782214,nitendo 2ds,1,,,,,
,1ZA0F6500302698173,45496782214,nitendo 2ds,1,,,,,
,1ZY853E7YW16461861,45496782214,nitendo 2ds,3,,,,,
,,45496782108,nitedo 2ds mariokart,3,,,,,
,1Z5R74F10300166955,,ipad peo 64g gold,4,,,,,
,1ZY853E7YW16461781,45496782214,nitendo 2ds,3,,,,,
,,45496782108,nitedo 2ds mariokart,3,,,,,
,1ZF95R410300267625,889842257113,xboxone 500gb halo,2,,,,,
,1ZR14731YW10157352,45496782214,nitendo 2ds,1,,,,,
,1ZA0F6500302700525,47875881129,xboxone call duty,1,,,,,
,,14633373691,xboxone fifa 18,1,,,,,
,1ZA0F6500302695443,47875881129,xboxone call duty,1,,,,,
,,14633373691,xboxone fifa 18,1,,,,,
,1ZA0F6500302695541,47875881129,xboxone call duty,1,,,,,
,,14633373691,xboxone fifa 18,1,,,,,
,49000269541435,,lego 75184,1,,,,,
,49000269493048,,lego 75184,3,,,,,
,49000269493031,,lego 75184,12,,,,,
,1Z2929AE0321642019,amazon open,29um59a,1,,,,,
,,amazon open,asus gtx1070,1,,,,,
,420197019405511898666807009312,45496782108,nitedo 2ds mariokart,1,,,,,
,420197019405511898666807840267,45496782214,nitendo 2ds,1,,,,,
,420197019405511898666807836352,45496782214,nitendo 2ds,1,,,,,
,1Z5R74F10300166937,,ipad pro 64g gold,1,,,,,
11/17,1Z2FW1330345750495,amazon NEW,hp 270-p014,1,,,,,
,1ZF95R410300281583,889842257113,xboxone 500gb halo,1,,,,,
,1Z300WF10322154307,,swith mario ,2,,,,,
,1Z51V2520359842019,45496782214,nitendo 2ds,1,,,,,
,1ZA0F6500302712281,47875881129,xboxone call duty,1,,,,,
,,14633373691,xboxone fifa 18,1,,,,,
,1ZF95R410300302023,889842257113,xboxone 500gb halo,1,,,,,
,1Z9F7Y940289360908,,lego 21312,1,,,,,
,1Z787Y880385142670,amazon new,ptd 610,1,,,,,
,1Z3Y67380309126690,,m720,3,,,,,
,1zr28443yw10129520,45496782214,nitendo 2ds,1,,,,,
,420197019261299990347338868334,,ipad pro 64g gray,1,,,,,
,420197019361289681090300515532,,lego 21312,1,,,,,
,420197019261299990347338848879,,ipad pro 256g silver,3,,,,,
,9622080430004035713700407541687225,192018060715,hp x360 15 aq267cl,2,,,,,
,9622080430000634075400411444500230,,lego 75184,8,,,,,
,420197019405511898666807046805,45496782214,nitendo 2ds,1,,,,,
,420197019261299990347338850643,45496782108,nitedo 2ds mariokart,1,,,,,
,420197019261299990347338850643,,ipad pro 64g silver,1,,,,,
,9622080430008707509900788447807356,45496782214,nitendo 2ds,1,,,,,
,,45496782108,nitedo 2ds mariokart,5,,,,,
,1Z5R74F90300953054,192018060715,hp x360 15 aq267cl,3,,,,,
,9622080430008707276600788447975180,45496782108,nitedo 2ds mariokart,2,,,,,
,9622080430008707220700788481368555,45496782214,nitendo 2ds,1,,,,,
,9622080430008707220700788481353964,45496782214,nitendo 2ds,1,,,,,
,420197019361289681090300859421,,lego 75184,4,,,,,
,9622080430000058187600788447561572,45496782108,nitedo 2ds mariokart,5,,,,,
,,45496782214,nitendo 2ds,1,,,,,
,420197019261299990347338865975,,ipad pro 256g gold,1,,,,,
,9622001900000633765500410639911401,,lego 75184,12,,,,,
,420197019261299998160739975461,45496782108,nitedo 2ds mariokart,1,,,,,
,9622080430008707841100788447855509,45496782214,nitendo 2ds,1,,,,,
11/20,pallet,amazon new,dell xps xps8920-7529,5,,,,,
,420197019405511898666807456017,45496782108,nitedo 2ds mariokart,1,,,,,
,420197019361289681090303249892,711719511793,ps4 1tb,1,,,,,
,420197019361289681090303341824,711719511793,ps4 1tb,1,,,,,
,1Z9702YW4200760600,amzon new,samung 740u5m,4,,,,,
,1ZF7238XYW10151980,884116274636,dell i3567-3636blk,1,,,,,
,1ZF95R410300326285,889842257113,xboxone 500gb halo,1,,,,,
,1ZF95R410300326169,889842257113,xboxone 500gb halo,1,,,,,
,1ZF95R410300326196,889842257113,xboxone 500gb halo,1,,,,,
,1Z602A6X0333618207,,lego 75184,2,,,,,
,1Z602A6X0333635886,,lego 75184,2,,,,,
,1ZF95R410300326203,889842257113,xboxone 500gb halo,2,,,,,
,1Z3018X94211605863,amazon new,asus q524u,4,,,,,
,420197019361289681090303331429,711719511793,ps4 1tb,1,,,,,
11/21,1ZA0F6500302740410,47875881129,xboxone call duty,2,,,,,
,,14633373691,xboxone fifa 18,2,,,,,
,1Z602E9V0355279161,,m325,3,,,,,
,9622080430000634075400411444500425,,lego 75184,12,,,,,
,1Z3Y67380309163186,711719511793,ps4 1tb,1,,,,,
,1Z3Y67380309162865,711719511793,ps4 1tb,1,,,,,
,1ZE194580318244105,711719511793,ps4 1tb,1,,,,,
,,711719051794,ps4 last of us,3,,,,,
,,47875881303,xbxoone overwatch,3,,,,,
,,97855100818,harmy one,3,,,,,
,1ZE194580318182931,,kindel paper white white,2,,,,,
,1Z21F58E0353143162,97855100818,harmy one,3,,,,,
,1Z21F58E0353167084,97855100818,harmy one,3,,,,,
,1ZA407020307064891,,g403,1,,,,,
,,,g502,1,,,,,
,1ZA407020307065336,,g403,1,,,,,
,,,g402,1,,,,,
,1ZA407020307064757,,g403,1,,,,,
,,,g402,1,,,,,
,1ZA407020307064962,,g403,1,,,,,
,,,g502,1,,,,,
,1Z21F58E0353147186,851607006380,precision cooker,5,,,,,
,,711719051794,ps4 last of us,3,,,,,
,,47875881303,xbxoone overwatch,3,,,,,
,1Z21F58E0353155382,,ptd 610,2,,,,,
,,97855100818,harmy one,3,,,,,
,1Z21F58E0353144849,711719511793,ps4 1tb,1,,,,,
,,711719051794,ps4 last of us,3,,,,,
,,47875881303,xbxoone overwatch,3,,,,,
,,97855100818,harmy one,3,,,,,
,1ZA407020307061670,191800152584,lenovo 120s-111ap,1,,,,,
,1Z066V300385457900,851607006380,precision cooker,5,,,,,
,1Z066V300385429262,851607006380,precision cooker,5,,,,,
,1Z21F58E0353150761,711719511793,ps4 1tb,1,,,,,
,,711719051794,ps4 last of us,3,,,,,
,,47875881303,xbxoone overwatch,3,,,,,
,,97855100818,harmy one,1,,,,,
,1ZA407020307060242,191800152584,lenovo 120s-111ap,1,,,,,
,9622080430000634075400417353267519,,lego 75184,12,,,,,
,1Z21F58E0353146981,97855100818,harmy one,3,,,,,
,420197019361289681025510253929,,kp blk,2,,,,,
,420197019361289681090303482558,711719051794,ps4 last of us,3,,,,,
,,47875881303,xbxoone overwatch,3,,,,,
,1001910522720001970100737736969688,,ipad pro 64g silver,5,,,,,
,1ZR346F7YW10113141,45496782108,nitedo 2ds mariokart,1,,,,,
11/22,9622080430000046849700788551478375,883929598519,lego super hero2,2,,,,,
,9622080000009557996800413549674129,,shoes,,,,,,
,9622001900003441762300741513458683,889842199062,xbxone 1tb mincraft,1,,,,,
,,887256028664,xboxone just dance,1,,,,,
,9622001900003441762300741513458709,889842199062,xbxone 1tb mincraft,1,,,,,
,,887256028664,xboxone just dance,1,,,,,
,9622001900003441762300741513458363,889842199062,xbxone 1tb mincraft,1,,,,,
,,887256028664,xboxone just dance,1,,,,,
,9622001900003441762300741513459451,889842199062,xbxone 1tb mincraft,1,,,,,
,,887256028664,xboxone just dance,1,,,,,
,9622001900003441762300741513458775,889842199062,xbxone 1tb mincraft,1,,,,,
,,887256028664,xboxone just dance,1,,,,,
,9622001900003441762300741513458948,889842199062,xbxone 1tb mincraft,1,,,,,
,,887256028664,xboxone just dance,1,,,,,
,9622001900003441762300741513458422,889842199062,xbxone 1tb mincraft,1,,,,,
,,887256028664,xboxone just dance,1,,,,,
,9622001900003441762300741513460661,889842199062,xbxone 1tb mincraft,1,,,,,
,,887256028664,xboxone just dance,1,,,,,
,9622001900003441762300741513458661,889842199062,xbxone 1tb mincraft,1,,,,,
,,887256028664,xboxone just dance,1,,,,,
,9622001900003441762300741513459624,889842199062,xbxone 1tb mincraft,1,,,,,
,,887256028664,xboxone just dance,1,,,,,
,9622001900003441762300741513458330,889842199062,xbxone 1tb mincraft,1,,,,,
,,887256028664,xboxone just dance,1,,,,,
,9622001900003441762300741513458271,889842199062,xbxone 1tb mincraft,1,,,,,
,,887256028664,xboxone just dance,1,,,,,
,9622001900003441762300741513459256,889842199062,xbxone 1tb mincraft,1,,,,,
,,887256028664,xboxone just dance,1,,,,,
,9622001900003441762300741513458433,889842199062,xbxone 1tb mincraft,1,,,,,
,,887256028664,xboxone just dance,1,,,,,
,9622001900003441762300741513459164,889842199062,xbxone 1tb mincraft,1,,,,,
,,887256028664,xboxone just dance,1,,,,,
,9622001900003441762300741513460753,889842199062,xbxone 1tb mincraft,1,,,,,
,,887256028664,xboxone just dance,1,,,,,
,9622001900003441762300741513458385,889842199062,xbxone 1tb mincraft,1,,,,,
,,887256028664,xboxone just dance,1,,,,,
,9622001900003441762300741513458352,889842199062,xbxone 1tb mincraft,1,,,,,
,,887256028664,xboxone just dance,1,,,,,
,9622001900003441762300741513458926,889842199062,xbxone 1tb mincraft,1,,,,,
,,887256028664,xboxone just dance,1,,,,,
,9622001900003441762300741513455331,889842199062,xbxone 1tb mincraft,1,,,,,
,,887256028664,xboxone just dance,1,,,,,
,9622001900003441762300741513458308,889842199062,xbxone 1tb mincraft,1,,,,,
,,887256028664,xboxone just dance,1,,,,,
,9622001900003441762300741513460823,889842199062,xbxone 1tb mincraft,1,,,,,
,,887256028664,xboxone just dance,1,,,,,
,9622001900003441762300741513458455,889842199062,xbxone 1tb mincraft,1,,,,,
,,887256028664,xboxone just dance,1,,,,,
,9622001900003441762300741513458374,889842199062,xbxone 1tb mincraft,1,,,,,
,,887256028664,xboxone just dance,1,,,,,
,9622001900003441762300741513458341,889842199062,xbxone 1tb mincraft,1,,,,,
,,887256028664,xboxone just dance,1,,,,,
,9622001900003441762300741513458694,889842199062,xbxone 1tb mincraft,1,,,,,
,,887256028664,xboxone just dance,1,,,,,
,9622001900003441762300741513458444,889842199062,xbxone 1tb mincraft,1,,,,,
,,887256028664,xboxone just dance,1,,,,,
,9622001900003441762300741513458319,889842199062,xbxone 1tb mincraft,1,,,,,
,,887256028664,xboxone just dance,1,,,,,
,9622001900003441762300741513458320,889842199062,xbxone 1tb mincraft,1,,,,,
,,887256028664,xboxone just dance,1,,,,,
,9622001900003441762300741513455310,889842199062,xbxone 1tb mincraft,1,,,,,
,,887256028664,xboxone just dance,1,,,,,
,9622001900003441762300741513458282,889842199062,xbxone 1tb mincraft,1,,,,,
,,887256028664,xboxone just dance,1,,,,,
,9622001900003441762300741513458411,889842199062,xbxone 1tb mincraft,1,,,,,
,,887256028664,xboxone just dance,1,,,,,
,9622001900003441762300741513459532,889842199062,xbxone 1tb mincraft,1,,,,,
,,887256028664,xboxone just dance,1,,,,,
,9622001900003441762300741513458293,889842199062,xbxone 1tb mincraft,1,,,,,
,,887256028664,xboxone just dance,1,,,,,
,9622001900003441762300741513455283,889842199062,xbxone 1tb mincraft,1,,,,,
,,887256028664,xboxone just dance,1,,,,,
,9622080430001023424400770730319986,,nars 一推化妆品,,,,,,
,9622080430008472817400788542119167,883929598519,lego super hero2,2,,,,,
,9622080430008707200100788543751107,883929598519,lego super hero2,2,,,,,
,9622080430008707770200788521379089,45496782214,2ds nitendo,1,,,,,
,9622080430008472848300788550764337,883929598519,lego super hero2,2,,,,,
,9622080430008472820000788542763722,883929598519,lego super hero2,2,,,,,
,1001910523160001970100741513497761,889842199062,xbxone 1tb mincraft,1,,,,,
,,887256028664,xboxone just dance,1,,,,,
,1001910523160001970100741513497809,889842199062,xbxone 1tb mincraft,1,,,,,
,,887256028664,xboxone just dance,1,,,,,
,1ZWF2547YW87280419,191800152584,lenovo 120s-111ap,1,,,,,
,1ZV7855EYW39538488,711719511793,ps4,1,,,,,
,1ZA0F6504202794898,711719511793,ps4,1,,,,,
,1ZWF2547YW87278575,191800152584,lenovo 120s-111ap,1,,,,,
,1ZWF2547YW87301146,191800152584,lenovo 120s-111ap,1,,,,,
,1ZWF2547YW87350558,191800152584,lenovo 120s-111ap,1,,,,,
,1ZA407020307078359,,g502,1,,,,,
,,,g403,1,,,,,
,1ZA0F6504202794889,711719511793,ps4,1,,,,,
,1ZWF2547YW87266739,191800152584,lenovo 120s-111ap,1,,,,,
,1ZWF2547YW87317139,191800152584,lenovo 120s-111ap,1,,,,,
,1ZEA54610387485239,,ptd600,1,,,,,
,1ZWF25470387333164,191800152584,lenovo 120s-111ap,1,,,,,
,1Z4E37X00302192092,711719509226,ps4 vr,1,,,,,
,1Z0X118A0339617147,884116219996,dellxps9360-1718slv,1,,,,,
,1ZWF2547YW87318521,191800152584,lenovo 120s-111ap,1,,,,,
,1ZWF2547YW87278388,191800152584,lenovo 120s-111ap,1,,,,,
,1ZEA54610387482849,amazon open,ptd600,2,,,,,
,1z30y8230354439732,amazon new,xbxone 1tb blk,2,,,,,
,1ZA407020307078439,,g502,1,,,,,
,,,g403,1,,,,,
,1ZWF2547YW87354812,884116275664,dell i3567-5664blk,1,,,,,
,1Z4E37X04202191279,711719509226,ps4 vr,3,,,,,
,1Z9702YW0300808972,711719509226,ps4 vr,1,,,,,
,420197019361289681090304206702,851607006380,precision cooker,5,,,,,
,1ZWF2547YW87264820,191800152584,lenovo 120s-111ap,1,,,,,
,1ZWF2547YW87257721,191800152584,lenovo 120s-111ap,1,,,,,
,1Z4E37X04202192401,711719509226,ps4 vr,3,,,,,
,1Z3017E20321927404,amazon new,asus gtx1070,1,,,,,
,1Z4E37X00302191762,711719509226,ps4 vr,2,,,,,
,1Z5R74F80303589285,,ps4,3,,,,,
,1Z9702YW0300807955,711719509226,ps4 vr,1,,,,,
,4201970192001901795908816372824689,,g502,1,,,,,
,1ZA407020307060046,,g502,1,,,,,
,,,g403,1,,,,,
,1ZA407020307060108,,g502,1,,,,,
,,,g403,1,,,,,
,1ZW494600355829996,,g502,1,,,,,
,,,g402,1,,,,,
,1ZW494600355819578,,g502,1,,,,,
,,,g402,1,,,,,
,1Z3Y67380309223003,,swith mario,1,,,,,
,yuhua,,Pokken Tournament - Wii U,29,,,,,
11/24,420197019261299992573347801392,,ps4,1,,,,,
,420197019261299992573347780321,,ps4,1,,,,,
,9622080430000582934500788559691276,883929598519,lego super hero2,2,,,,,
,9622080430000582934500788542148303,,xbxone super hero,4,,,,,
,,,ps4 super hero,4,,,,,
,9622080430009557996800413549768090,barneys,shoes,1,,,,,
,9622080430000048734500788542523425,883929598519,lego super hero2,2,,,,,
,9622080430000046848600788559685465,883929598519,lego super hero2,2,,,,,
,420197019261299997988742143919,,xbxoone call duty,2,,,,,
,,,xboxone fifa 18,2,,,,,
,9622080430003680885000737737002234,,ps4,3,,,,,
,1ZWF25470387374076,191800152584,lenovo 120s-111ap,1,,,,,
,1ZA0F6504202917086,,ps4,1,,,,,
,1ZW49024YW53839387,887276242712,samung chrombook 500c13,1,,,,,
,1ZV7855E0339875111,,g600,1,,,,,
,,887276242712,samung chrombook 500c13,1,,,,,
,1ZV7855E0339895546,,g600,1,,,,,
,,887276242712,samung chrombook 500c13,1,,,,,
,1ZA0F6504202872366,,ps4,1,,,,,
,1ZW494600355860728,,g402,1,,,,,
,,,g502,1,,,,,
,1ZW494600355867221,,g402,1,,,,,
,,,g502,1,,,,,
,1ZWF2547YW87364445,884116275664,dell i3567-5664blk,1,,,,,
,1ZWF2547YW87399024,884116275664,dell i3567-5664blk,1,,,,,
,1ZV7855EYW39840061,884116275664,dell i3567-5664blk,1,,,,,
,1ZW49024YW53828924,887276242712,samung chrombook 500c13,1,,,,,
,1ZWF25470387404784,191800152584,lenovo 120s-111ap,1,,,,,
,1ZWF25470387515342,191800152584,lenovo 120s-111ap,1,,,,,
,1ZA0F6504202872482,,ps4,1,,,,,
,1ZW494600356051092,,g402,1,,,,,
,,,g502,1,,,,,
,1ZW494600355917757,,g402,1,,,,,
,,,g502,1,,,,,
,1ZW220A40387074979,,xbxone just dance,2,,,,,
,,,ps4 just dance,2,,,,,
,,,swith just dance,2,,,,,
,1ZW220A40387056953,,xbxone just dance,2,,,,,
,,,ps4 just dance,2,,,,,
,,,swith just dance,2,,,,,
,1ZA407020307073336,,g403,1,,,,,
,,,g402,1,,,,,
,1ZW49024YW53828335,887276242712,samung chrombook 500c13,1,,,,,
,1ZV7855E0339754055,,g600,1,,,,,
,,,g403,1,,,,,
,1ZA0F6504202914749,,ps4,1,,,,,
,1ZW494600356004366,,g402,1,,,,,
,,,g502,1,,,,,
,1ZV7855EYW39840463,884116275664,dell i3567-5664blk,1,,,,,
,1ZW49460YN55850033,,g402,1,,,,,
,1ZV7855E0339793012,,g600,1,,,,,
,,,g403,1,,,,,
,1ZV7855E0339835833,,g600,1,,,,,
,,,g403,1,,,,,
,4201970192001901795904809659644845,,g403,1,,,,,
,4201970192055901795905803933660516,,g600,1,,,,,
,4201970192001901795908810818067722,,g402,1,,,,,
,4201970192001901795904807161617104,,g403,1,,,,,
,4201970192055901795905807455698941,,g600,1,,,,,
,420197019405511898666808512439,883929598519,lego super hero2,1,,,,,
,1ZV7855E0339803555,,g403,1,,,,,
,,,g600,1,,,,,
,4201970192055901795905806595788093,,g600,1,,,,,
,420197019374889681090270205712,,ps4 just dance,2,,,,,
,,,swith just dance,2,,,,,
,4201970192001901795904808009374449,,g403,1,,,,,
,4201970192001901795908819831243892,,g502,1,,,,,
,1ZV7855E0339731598,,g403,1,,,,,
,,,g600,1,,,,,
,4201970192001901795904802325344520,,g403,1,,,,,
,4201970192001901795904817676716667,,g403,1,,,,,
,420197019405511898666808545369,883929598519,lego super hero2,1,,,,,
,420197019405511898666808545529,883929598519,lego super hero2,1,,,,,
,4201970192055901795905815372596189,,g600,1,,,,,
,420197019261299992573347714487,,ps4,1,,,,,
,1ZF95R410300408928,,xboxone 500gb halo,2,,,,,
,1ZW494600356002751,,g502,1,,,,,
,,,g402,1,,,,,
,420197019361289681090305769084,,ringdoor bell,1,,,,,
,420197019405511898666808509408,883929598519,lego super hero2,2,,,,,
,1ZW494600355858713,,g502,1,,,,,
,,,g402,1,,,,,
,1ZW494600356051592,,g502,1,,,,,
,,,g402,1,,,,,
,1ZV7855E0339723981,,g600,1,,,,,
,,,g403,1,,,,,
,2000000973146415,883929598519,lego super hero2,1,,,,,
,2000000973151112,883929598519,lego super hero2,1,,,,,
,420197019405511898666808992446,883929598519,lego super hero2,1,,,,,
,420197019405511898666808571153,883929598519,lego super hero2,1,,,,,
,420197019405511898666800000705,883929598519,lego super hero2,1,,,,,
,420197019405511898666808570767,883929597796,xbxone super hero,4,,,,,
,420197019405511898666808910389,883929598519,lego super hero2,1,,,,,
,420197019274899998160771854973,883929598519,lego super hero2,1,,,,,
,420197019405511898666808522285,883929598519,lego super hero2,1,,,,,
,420197019405511898666808522902,883929598519,lego super hero2,1,,,,,
,1Z3Y52F50325331994,814855023271,lancehead mouse,1,,,,,
,1Z970Y700328415343,814855023271,lancehead mouse,1,,,,,
,1ZAV17004200345898,amaoznew,asus q524u,3,,,,,
,1ZWF2547YW87439267,884116275664,dell i3567-5664blk,1,,,,,
,1Z9702YW0300845842,,ps4 vr,1,,,,,
,1ZV7855E0339776782,,g403,1,,,,,
,,,g600,1,,,,,
,,,ps4,1,,,,,
,1Z4E37X04202192045,,ps4 vr,3,,,,,
,420197019274899998160771824020,883929598519,lego super hero2,1,,,,,
,420197019374889681090270264818,,swith just dance,2,,,,,
,,,xbxone just dance,2,,,,,
,420197019405511898666808525088,883929598519,lego super hero2,1,,,,,
,420197019405511898666808592332,883929598519,lego super hero2,1,,,,,
,420197019405511898666808517007,,ps4 super hero,4,,,,,
,420197019405511898666808414245,883929598519,lego super hero2,1,,,,,
,420197019274899998160771854881,883929598519,lego super hero2,1,,,,,
,420197019274899998160771855819,,ps4 super hero,1,,,,,
,420197019274899998160771856632,883929598519,lego super hero2,1,,,,,
,420197019374889681090270796357,,xbxone just dance,2,,,,,
,4201970192001901795908819331424791,,g402,1,,,,,
,4201970192001901795904802800337184,,g403,1,,,,,
,4201970192001901795908816455076547,,g402,1,,,,,
,4201970192001901795908809487609135,,g402,1,,,,,
,420197019405511898666808468163,883929598519,lego super hero2,1,,,,,
,420197019361289681090305796240,,phili hue,3,,,,,
,420197019405511898666808509064,,lego super hero2,2,,,,,
,420197019361289681090305890849,,swith dragonball2,3,,,,,
,,,swith payman,3,,,,,
,,,ps4 persona5,3,,,,,
,,,ringdoor bell,1,,,,,
,4201970192001901795908813684680552,,g502,1,,,,,
,420197019274899998160771852795,883929598519,lego super hero2,1,,,,,
,9361289681090305906106,,phili hue,3,,,,,
,,,ringdoor bell,1,,,,,
,,,swith dragonball2,3,,,,,
,,,swith payman,3,,,,,
,420197019261299990347339133486,,ps4,3,,,,,
,1ZW494600355831572,,g502,1,,,,,
,,,g402,1,,,,,
11/25,9622080430000048755100788553829820,883929598519,lego super hero2,2,,,,,
,9622080430009557996800413549775540,,shoes,1,,,,,
,9622080430000058059300788542824327,883929598519,lego super hero2,2,,,,,
,9622080430008707522800788574921955,45496782214,nitendo 2ds,1,,,,,
,420197019405511898666808549954,883929598519,lego super hero2,1,,,,,
,420197019405511898666800700223,883929598519,lego super hero2,1,,,,,
,420197019405511898666808549282,883929598519,lego super hero2,1,,,,,
,420197019274899998160772919435,,ps4 super hero marvekl,4,,,,,
,420197019261299998160771793689,883929598519,lego super hero2,4,,,,,
,9622080430000065259600788579168622,883929580224,swith lego city,2,,,,,
,9622080430000058087000788559215034,883929598519,lego super hero2,2,,,,,
,9622080430000048754000788553126773,883929598519,lego super hero2,2,,,,,
,9622080430000058119900788575567426,883929597819,swith superhearo,2,,,,,
,,,wii starter pack,1,,,,,
,420197019405511898666800266446,883929598519,lego super hero2,1,,,,,
,420197019274899998160771818104,883929598519,lego super hero2,2,,,,,
,420197019361289681090305992505,,phili hue,3,,,,,
,,,lego ninjago xboxone,3,,,,,
,,,swith ninjago,3,,,,,
,,,ps4 ninjago,3,,,,,
,,,doorbell,1,,,,,
,420197019261299990347339101195,,ps4,3,,,,,
,420197019405511898666800767271,45496782108,2ds mariookart,1,,,,,
,420197019361289681090306640429,75020058836,philip sonucare,3,,,,,
,420197019405511898666808641771,883929598519,lego super hero2,1,,,,,
,420197019405511898666808182076,,swith superhearo,1,,,,,
,420197019405511898666800137142,,xboxone superhero,4,,,,,
,420197019374889681090270867132,,ps4 persona5,3,,,,,
,420197019274899998160771782559,883929598519,lego super hero2,2,,,,,
,420197019274899998160772509568,,swith superhearo,1,,,,,
,420197019374889681090270959493,,swith nbatman,3,,,,,
,420197019361289681090306079557,,swith nbatman,3,,,,,
,,,xboxone superhero,3,,,,,
,420197019261299998160772582299,,xboxone superhero,4,,,,,
,420197019405511898666800138309,,xboxone superhero,4,,,,,
,420197019261299998160771803050,,xboxone superhero,4,,,,,
,,,ps4 superhero,4,,,,,
,420197019405511898666800320186,,ps4 superhero,2,,,,,
,420197019274899998160771784478,,ps4 superhero  deluxe,2,,,,,
,420197019274899998160771819620,,ps4 superhero  deluxe,1,,,,,
,,,xboxone superhero  deluxe,1,,,,,
,420197019261299998160771799254,,xboxone superhero,4,,,,,
,,,ps4 superhero,4,,,,,
,420197019274899998160771962364,,swith superhearo,2,,,,,
,420197019274899998160771792510,,lego super hero2 deluxe,2,,,,,
,420197019274899998160771820428,,lego super hero2 deluxe,2,,,,,
,420197019405511898666800787194,,xboxone superhero,2,,,,,
,420197019261299998160772583357,,xboxone superhero,4,,,,,
,420197019405511898666808698942,,lego super hero2 deluxe,1,,,,,
,420197019405511898666800134479,,ps4 superhero,1,,,,,
,420197019405511898666800125415,,swith lego city,2,,,,,
,420197019274899998160771963385,,swith superhearo,2,,,,,
,420197019261299992573347714098,,ps4,1,,,,,
,420197019261299992573347714302,,ps4,1,,,,,
,420197019261299998160771795478,,xboxone superhero,4,,,,,
,,,ps4 superhero,4,,,,,
,420197019261299998160771828992,,lego super hero2 deluxe,5,,,,,
,420197019261299990347339100839,,ps4,3,,,,,
,420197019405511898666808652647,,swith superhearo,2,,,,,
,420197019274899998160771960346,,swith superhearo,2,,,,,
,420197019261299998160771827933,,xboxone superhero,4,,,,,
,,,ps4 superhero,4,,,,,
,420197019274899998160771960582,,swith superhearo,2,,,,,
,420197019361289681090305997814,,phili hue,3,,,,,
,,,ps4 persona5,3,,,,,
,,,swith ninjago,3,,,,,
,,,ps4 ninjago,3,,,,,
,,,doorbell,1,,,,,
,420197019361289681090305890115,711719510215,ps4 pro 1tb white destiny,1,,,,,
,420197019274899998160771781460,,lego super hero2 deluxe,2,,,,,
,420197019261299998160771790527,,xboxone superhero,4,,,,,
,,,ps4 superhero,4,,,,,
,420197019274899998160771780937,,lego super hero2 deluxe,2,,,,,
,420197019374889681090270892080,,swith batman,3,,,,,
,420197019361289681090306974449,75020058720,philip sonicare siamond,3,,,,,
,420197019361289681090306570290,75020058836,philip sonucare,3,,,,,
,420197019261299998160771781150,,lego super hero2 deluxe,5,,,,,
,420197019361289681090306890282,75020058744,philip sonucare,3,,,,,
,420197019361289681090306501041,75020058720,philip sonicare siamond,3,,,,,
,420197019361289681090306890855,75020058720,philip sonicare siamond,3,,,,,
,420197019361289681090305910042,,xboxone superhero,3,,,,,
,,,ps4 superhero,3,,,,,
,420197019361289681090306571679,,ptd 210,2,,,,,
,,,swith rayman,3,,,,,
,,,ps4 persona5,3,,,,,
,,,swith ninjago,3,,,,,
,,,swith dragonball2,3,,,,,
,,,swith monpoly,3,,,,,
,,,xboxone superhero,3,,,,,
,,,ps4 superhero,3,,,,,
,420197019361289681090306340602,75020058751,philip sonicare pink,3,,,,,
,420197019361289681090306654129,,ptd 210,2,,,,,
,,,swith rayman,3,,,,,
,,,ps4 persona5,3,,,,,
,,,swith ninjago,3,,,,,
,,,swith monpoly,3,,,,,
,,,xboxone superhero,3,,,,,
,,,ps4 superhero,3,,,,,
,9612019244862661918290,,ps4,2,,,,,
,420197019361289681090307162197,,philip hue,3,,,,,
,,,ringdoor bell,1,,,,,
,420197019361289681090306369665,711719510215,ps4 pro 1tb white destiny,1,,,,,
,,,ptd 210,2,,,,,
,420197019361289681090306738713,,philip sonicare white,3,,,,,
,420197019361289681090306595330,,philip sonicare blk,3,,,,,
,420197019361289681090306935075,,philip sonicare white,3,,,,,
,420197019361289681090307152228,,philip sonicare purple,3,,,,,
,420197019374889681090270655609,47875877634,xboxone overwatch,3,,,,,
,420197019374889681090270709128,47875877634,xboxone overwatch,3,,,,,
,420197019374889681090271706225,,swith  rayman,2,,,,,
,420197019374889681090272023284,,swith  rayman,3,,,,,
,420197019361289681090306929432,711719510215,ps4 pro 1tb white destiny,1,,,,,
,9361289681090306099852,711719510215,ps4 pro 1tb white destiny,1,,,,,
,420197019361289681090306610279,711719510215,ps4 pro 1tb white destiny,1,,,,,
,,,ptd 210,2,,,,,
11/27,1Z4785W00391266012,,ptd 210,2,,,,,
,1Z4785W00391265942,,ptd 210,2,,,,,
,1Z4785W00391266558,,ptd 210,2,,,,,
,,,m325,3,,,,,
,1Z4785W00391265657,,ptd 210,2,,,,,
,1Z4785W00391266218,,ptd 210,2,,,,,
,1Z4785W00391250396,,ptd 210,2,,,,,
,1Z4785W00391266076,,ptd 210,2,,,,,
,1Z4785W00391250127,,ptd 210,2,,,,,
,1Z4785W00391250350,,ptd 210,2,,,,,
,1Z4785W00391266227,,ptd 210,2,,,,,
,1Z4785W00391265693,,ptd 210,2,,,,,
,1Z4785W00391250387,,ptd 210,2,,,,,
,1Z4785W00391250556,,ptd 210,2,,,,,
,1ZA1690V0350027880,,ptd 210,2,,,,,
,1Z4785W00391250430,,ptd 210,2,,,,,
,1z4785w00391266058,,ptd 210,2,,,,,
,1Z4785W00391265719,,ptd 210,2,,,,,
,1Z4785W00391250565,,ptd 210,2,,,,,
,1Z4785W00391265817,,ptd 210,2,,,,,
,1Z4785W00391250332,,ptd 210,2,,,,,
,1Z4785W00391250403,,ptd 210,2,,,,,
,1Z4785W00391249915,,ptd 210,2,,,,,
,1ZA1690V0350027540,,ptd 210,2,,,,,
,1Z4785W00391250341,,ptd 210,2,,,,,
,1Z4785W00391250378,,ptd 210,2,,,,,
,1Z4785W00391250261,,ptd 210,2,,,,,
,1Z4785W00391265648,,ptd 210,2,,,,,
,1Z4785W00391250412,,ptd 210,2,,,,,
,1Z4785W00391250485,,ptd 210,2,,,,,
,1Z4785W00391265666,,ptd 210,2,,,,,
,1ZA1690V0350027899,,ptd 210,2,,,,,
,1ZA1690V0350027988,,ptd 210,2,,,,,
,1Z4785W00391250574,,ptd 210,2,,,,,
,1Z4785W00391265915,,ptd 210,2,,,,,
,1Z4785W00391250323,,ptd 210,2,,,,,
,1Z4785W00391250047,,ptd 210,2,,,,,
,1Z4785W00391250136,,ptd 210,2,,,,,
,1Z4785W00391250207,,ptd 210,2,,,,,
,1Z4785W00391265639,,ptd 210,2,,,,,
,1Z4785W00391250305,,ptd 210,2,,,,,
,1Z4785W00391250243,,ptd 210,2,,,,,
,1Z4785W00391249979,,ptd 210,2,,,,,
,1Z4785W00391250065,,ptd 210,2,,,,,
,1Z4785W00391250458,,ptd 210,2,,,,,
,1Z4785W00391250252,,ptd 210,2,,,,,
,1Z4785W00391249951,,ptd 210,2,,,,,
,1Z4785W00391250163,,ptd 210,2,,,,,
,1Z4785W00391250038,,ptd 210,2,,,,,
,1Z4785W00391249942,,ptd 210,2,,,,,
,1Z4785W00391250074,,ptd 210,2,,,,,
,1Z4785W00391249997,,ptd 210,2,,,,,
,1Z4785W00391249862,,ptd 210,2,,,,,
,1Z4785W00391249853,,ptd 210,2,,,,,
,1Z4785W00391265755,,ptd 210,2,,,,,
,1Z4785W00391266110,,ptd 210,2,,,,,
,1Z4785W00391249960,,ptd 210,2,,,,,
,1Z4785W00391250029,,ptd 210,2,,,,,
,1Z4785W00391250029,,ptd 210,2,,,,,
,1Z4785W00391266049,,ptd 210,2,,,,,
,1Z4785W00391249871,,ptd 210,2,,,,,
,1Z4785W00391250145,,ptd 210,2,,,,,
,1Z4785W00391250109,,ptd 210,2,,,,,
,1Z4785W00391250190,,ptd 210,2,,,,,
,1Z4785W00391250181,,ptd 210,2,,,,,
,1Z4785W00391250225,,ptd 210,2,,,,,
,1Z4785W00391249933,,ptd 210,2,,,,,
,1Z4785W00391265835,,ptd 210,2,,,,,
,1Z4785W00391265997,,ptd 210,2,,,,,
,1Z4785W00391266067,,ptd 210,2,,,,,
,1ZA1690V0350028076,,ptd 210,2,,,,,
,1Z4785W00391266174,,ptd 210,2,,,,,
,1ZA1690V0350027728,,ptd 210,2,,,,,
,1Z4785W00391250001,,ptd 210,2,,,,,
,1Z4785W00391250216,,ptd 210,2,,,,,
,1Z4785W00391250529,,ptd 210,2,,,,,
,1Z4785W00391250449,,ptd 210,2,,,,,
,1Z4785W00391250083,,ptd 210,2,,,,,
,1Z4785W00391266094,,ptd 210,2,,,,,
,1Z4785W00391265960,,ptd 210,2,,,,,
,1Z4785W00391265880,,ptd 210,2,,,,,
,1Z4785W00391249586,,ptd 210,1,,,,,
,1Z4785W00391266165,,ptd 210,2,,,,,
,1Z4785W00391250501,,ptd 210,2,,,,,
,1Z4785W00391250154,,ptd 210,2,,,,,
,1Z4785W00391249826,,ptd 210,2,,,,,
,1ZA1690V0350027951,,ptd 210,2,,,,,
,1Z4785W00391250369,,ptd 210,2,,,,,
,1Z4785W00391265933,,ptd 210,2,,,,,
,1Z4785W00391250547,,ptd 210,2,,,,,
,1Z4785W00391266101,,ptd 210,2,,,,,
,1Z4785W00391266192,,ptd 210,2,,,,,
,1Z4785W00391250092,,ptd 210,2,,,,,
,1Z4785W00391250421,,ptd 210,2,,,,,
,1Z4785W00391265853,,ptd 210,2,,,,,
,1Z4785W00391266209,,ptd 210,2,,,,,
,1Z4785W00391250592,,ptd 210,2,,,,,
,1Z4785W00391266085,,ptd 210,2,,,,,
,1Z4785W00391266021,,ptd 210,2,,,,,
,1Z4785W00391250609,,ptd 210,2,,,,,
,1Z4785W00391266129,,ptd 210,2,,,,,
,1Z4785W00391266147,,ptd 210,2,,,,,
,1Z4785W00391250298,,ptd 210,2,,,,,
,1Z4785W00391250314,,ptd 210,2,,,,,
,1Z4785W00391265700,,ptd 210,2,,,,,
,1Z4785W00391250289,,ptd 210,2,,,,,
,1Z4785W00391249880,,ptd 210,2,,,,,
,1Z4785W00391265844,,ptd 210,2,,,,,
,1Z4785W00391249844,,ptd 210,2,,,,,
,1Z4785W00391266030,,ptd 210,2,,,,,
,1Z4785W00391265924,,ptd 210,2,,,,,
,1ZA1690V0350027657,,ptd 210,2,,,,,
,1Z4785W00391265951,,ptd 210,2,,,,,
,1Z4785W00391250476,,ptd 210,2,,,,,
,1Z4785W00391250538,,ptd 210,2,,,,,
,1Z4785W00391265728,,ptd 210,2,,,,,
,1Z4785W00391250010,,ptd 210,2,,,,,
,1Z4785W00391250510,,ptd 210,2,,,,,
,1Z4785W00391250172,,ptd 210,2,,,,,
,1Z4785W00391250234,,ptd 210,2,,,,,
,1Z4785W00391249899,,ptd 210,2,,,,,
,1ZA1690V0350027979,,ptd 210,2,,,,,
,1Z4785W00391250467,,ptd 210,2,,,,,
,1Z4785W00391321809,,ptd 210,2,,,,,
,1Z4785W00391250270,,ptd 210,2,,,,,
,,,ptd 210,2,,,,,
,,,ptd 210,2,,,,,
,,,ptd 210,2,,,,,
,,,ptd 210,2,,,,,
,,,ptd 210,2,,,,,
,,,ptd 210,2,,,,,
,,,ptd 210,2,,,,,
,,,ptd 210,2,,,,,
,,,ptd 210,2,,,,,
,,,ptd 210,2,,,,,
,1ZV7855E0340072780,,g600,1,,,,,
,,887276201597,samung 500c13,1,,,,,
,1ZW49024YW54523073,884116275664,dell i3567-5664blk,1,,,,,
,1ZW490240353935833,,g402,1,,,,,
,,,g502,1,,,,,
,1ZA407020307091932,,g403,1,,,,,
,1Z4785W00391242010,,m325,4,,,,,
,1Z4785W00391241842,,m325,4,,,,,
,1Z4785W00391257148,,m325,4,,,,,
,1Z4785W00391257693,,m325,4,,,,,
,1Z4785W00391259388,,m325,4,,,,,
,1Z4785W00391242298,,m325,4,,,,,
,1Z4785W00391241762,,m325,4,,,,,
,1Z4785W00391261008,,m325,4,,,,,
,1Z4785W00391241860,,m325,4,,,,,
,1ZV7855E0339982693,,g600,1,,,,,
,,887276201597,samung 500c13,1,,,,,
,1ZV7855E0340022468,,g600,1,,,,,
,1ZA1690V0350179289,191628189380,hp 15-cc563st,1,,,,,
,1Z4785W00391296472,191628189380,hp 15-cc563st,1,,,,,
,1ZE194580318365494,,batman,3,,,,,
,,,persona ps4,3,,,,,
,,,xboxone fracitured whole,3,,,,,
,,,mincraft swith,3,,,,,
,1ZW49024YN54113184,,g402,1,,,,,
,1ZR2A198YW10129036,,g403,1,,,,,
,,,g502,1,,,,,
,1Z7270820343258200,,clothes,,,,,,
,1ZA407020307102063,,ps4,1,,,,,
,1ZW2208W0389738841,,ps4 1tb pro,1,,,,,
,1ZY1856V0328945793,,philip sonicare,9,,,,,
,1ZY1856V0328968303,,philip sonicare,9,,,,,
,1ZY8A3940318203416,amamzon new,xbxone 1tb blk,2,,,,,
,1Z4785W00391296703,191628189380,hp 15-cc563st,1,,,,,
,1Z4E35560301565102,,m325,12,,,,,
,1ZV7855E0340090144,,g600,1,,,,,
,,887276201597,samung 500c13,1,,,,,
,1ZF6Y063YW10132625,,g502,1,,,,,
,,,g403,1,,,,,
,1Z4785W00391297195,191628189380,hp 15-cc563st,1,,,,,
,1Z4785W00391257022,,m325,4,,,,,
,1ZW49024YW54536630,884116275664,dell i3567-5664blk,1,,,,,
,1ZV7855E0340085105,,g600,1,,,,,
,,887276201597,samung 500c13,1,,,,,
,1Z4E37X00302406913,889842181548,xboxone forza3,3,,,,,
,1Z602A6X0333759083,,philip sonicare,9,,,,,
,1Z4E37X00302405585,889842181548,xboxone forza3,3,,,,,
,1ZW49024YW54519944,884116275664,dell i3567-5664blk,1,,,,,
,1Z4E35560301565095,,ptd 210,2,,,,,
,,,m325,3,,,,,
,1Z4E35560301563266,,m325,3,,,,,
,1Z933E6V0313336617,,xbxoone overwatvh,3,,,,,
,1Z933E6V0313327547,,xbxoone overwatvh,3,,,,,
,1ZY8A3940318203381,amamzon new,xbxoone 1tb blk,1,,,,,
,1ZE194580318361925,,philip sonicare,6,,,,,
,1Z4E37X00302407823,889842181548,xboxone forza3,3,,,,,
,1Z4E37X00302402828,889842181548,xboxone forza3,3,,,,,
,1Z9Y97F00303831477,amamzon new,xbxoone 1tb blk,1,,,,,
,yuhan,,nitedo swith blue red,11,,,,,
,,,nitendo gray,1,,,,,
,9622080430000058189800788602894697,,swith lego city,2,,,,,
,9622080430000058189800788602842108,,swith lego city,2,,,,,
,9622080430000058189800788602938760,,swith lego city,1,,,,,
,9622080430000058189800788602903640,,swith lego city,2,,,,,
,9622080430000058137200788575121905,,ps4 lego super mario,2,,,,,
,9612015985222675929727,,xboxone madden18,8,,,,,
,,,xboxone fifa18,8,,,,,
,,,xboxone overwatch,8,,,,,
,,,ps4 madden 18,7,少了一个,,,,
,,,ps4 overwatch,7,少了一个,,,,
,9622080430000058190200788594118087,,nitendo 2ds,1,,,,,
,9622080430000048846600788512176344,,nitendo 2ds,1,,,,,
,9612015985222675895466,,ps4 fifa18,12,,,,,
,,,xboxone fifa 18,12,,,,,
,9622080430008709150000740094347481,,ps4,1,,,,,
,9612015985222675929468,,xboxone fifa18,8,,,,,
,,,ps4 madden 18,8,,,,,
,,,xboxone overwatch,8,,,,,
,9632080060870261004400788556672433,711719509226,ps4 vr,5,,,,,
,420197019361289681090308129199,,lego 21309,1,,,,,
,420197019361289681090308141160,,lego 21309,1,,,,,
,420197019405511898666808577254,,lego deluxe,2,,,,,
,420197019405511898666806025771,,swith lego city,2,,,,,
,4201970192055901795907812518621055,887276201597,samung 500c13,1,,,,,
,420197019361289681090308941937,97855128485,wonderboom ears,2,,,,,
,420197019361289681090308098754,,lego 21309,1,,,,,
,1Z4785W00391242261,,m325,4,,,,,
,1Z4785W00391261133,,m325,4,,,,,
,1Z4785W00391257782,,m325,4,,,,,
,1Z4785W00391258165,,m325,4,,,,,
,1Z4785W00391241995,,m325,4,,,,,
,1Z4785W00391242458,,m325,4,,,,,
,1Z4785W00391242252,,m325,4,,,,,
,1Z4785W00391242056,,m325,4,,,,,
,1Z4785W00391242225,,m325,4,,,,,
,1Z4785W00391260965,,m325,4,,,,,
,1Z4785W00391241904,,m325,4,,,,,
,1Z4785W00391242154,,m325,4,,,,,
,1Z4785W00391242341,,m325,4,,,,,
,1Z4785W00391241824,,m325,4,,,,,
,1Z4785W00391261179,,m325,4,,,,,
,1Z4785W00391261286,,m325,4,,,,,
,1Z4785W00391241986,,m325,4,,,,,
,1Z4785W00391260429,,m325,4,,,,,
,1Z4785W00391242029,,m325,4,,,,,
,1Z4785W00391241922,,m325,4,,,,,
,1Z4785W00391242047,,m325,4,,,,,
,1Z4785W00391242001,,m325,4,,,,,
,1Z4785W00391242207,,m325,4,,,,,
,1Z4785W00391241744,,m325,4,,,,,
,1Z4785W00391242332,,m325,4,,,,,
,1Z4785W00391261071,,m325,4,,,,,
,1Z4785W00391261204,,m325,4,,,,,
,1Z4785W00391261277,,m325,4,,,,,
,1Z4785W00391241851,,m325,4,,,,,
,1Z4785W00391260974,,m325,4,,,,,
,1Z4785W00391241940,,m325,4,,,,,
,1Z4785W00391242289,,m325,4,,,,,
,1Z4785W00391242421,,m325,4,,,,,
,1Z4785W00391242387,,m325,4,,,,,
,1Z4785W00391242378,,m325,4,,,,,
,1Z4785W00391261099,,m325,4,,,,,
,1Z4785W00391241655,,m325,4,,,,,
,1Z4785W00391261044,,m325,4,,,,,
,1Z4785W00391241897,,m325,4,,,,,
,1Z4785W00391241717,,m325,4,,,,,
,1Z4785W00391257951,,m325,4,,,,,
,1Z4785W00391242270,,m325,4,,,,,
,1Z4785W00391242369,,m325,4,,,,,
,1Z4785W00391241780,,m325,4,,,,,
,1Z4785W00391242314,,m325,4,,,,,
,1Z4785W00391241673,,m325,4,,,,,
,1Z4785W00391241888,,m325,4,,,,,
,1Z4785W00391242136,,m325,4,,,,,
,1Z4785W00391241646,,m325,4,,,,,
,1Z4785W00391241977,,m325,4,,,,,
,1Z4785W00391241682,,m325,4,,,,,
,1Z4785W00391242145,,m325,4,,,,,
,1Z4785W00391242190,,m325,4,,,,,
,1Z4785W00391242038,,m325,4,,,,,
,1Z4785W00391242234,,m325,4,,,,,
,1Z4785W00391257237,,m325,4,,,,,
,1Z4785W00391242350,,m325,4,,,,,
,1Z4785W00391261080,,m325,4,,,,,
,1Z4785W00391242396,,m325,4,,,,,
,1Z4785W00391242163,,m325,4,,,,,
,1Z4785W00391261222,,m325,4,,,,,
,1Z4785W00391242323,,m325,4,,,,,
,1Z4785W00391261106,,m325,4,,,,,
,1Z4785W00391321390,,m325,4,,,,,
,1Z4785W00391241771,,m325,4,,,,,
,1Z4785W00391241913,,m325,4,,,,,
,1Z4785W00391241691,,m325,4,,,,,
,1Z4785W00391241726,,m325,4,,,,,
,1Z4785W00391241799,,m325,4,,,,,
,1Z4785W00391241879,,m325,4,,,,,
,1Z4785W00391241931,,m325,4,,,,,
,1Z4785W00391241753,,m325,4,,,,,
,1Z4785W00391261142,,m325,4,,,,,
,1Z4785W00391241968,,m325,4,,,,,
,1Z4785W00391242243,,m325,4,,,,,
,1Z4785W00391260796,,m325,4,,,,,
,1Z4785W00391260992,,m325,4,,,,,
,1Z4785W00391242127,,m325,4,,,,,
,1Z4785W00391261188,,m325,4,,,,,
,1Z4785W00391241566,,m325,4,,,,,
,1Z4785W00391261231,,m325,4,,,,,
,1Z4785W00391242074,,m325,4,,,,,
,1Z4785W00391241664,,m325,4,,,,,
,1Z4785W00391242065,,m325,4,,,,,
,1Z4785W00391261062,,m325,4,,,,,
,1Z4785W00391261160,,m325,4,,,,,
,1Z4785W00391242109,,m325,4,,,,,
,1Z4785W00391261115,,m325,4,,,,,
,1Z4785W00391257120,,m325,4,,,,,
,1Z4785W00391242083,,m325,4,,,,,
,1Z4785W00391261017,,m325,4,,,,,
,1Z4785W00391261151,,m325,4,,,,,
,1Z4785W00391242172,,m325,4,,,,,
,1Z4785W00391241833,,m325,4,,,,,
,1Z4785W00391242403,,m325,4,,,,,
,1Z4785W00391241637,,m325,4,,,,,
,1Z4785W00391242412,,m325,4,,,,,
,1Z4785W00391257906,,m325,4,,,,,
,1Z4785W00391242305,,m325,4,,,,,
,1Z4785W00391241619,,m325,4,,,,,
,1Z4785W00391242216,,m325,4,,,,,
,1Z4785W00391260438,,m325,4,,,,,
,1Z4785W00391260581,,m325,4,,,,,
,1Z4785W00391241708,,m325,4,,,,,
,1Z4785W00391241600,,m325,4,,,,,
,1Z4785W00391242092,,m325,4,,,,,
,1Z4785W00391241806,,m325,4,,,,,
,1Z4785W00391242449,,m325,4,,,,,
,1Z4785W00391260983,,m325,4,,,,,
,1Z4785W00391242181,,m325,4,,,,,
,1Z4785W00391242430,,m325,4,,,,,
,1Z4785W00391261268,,m325,4,,,,,
,1Z4785W00391241815,,m325,4,,,,,
,1Z4785W00391261259,,m325,4,,,,,
,1Z4785W00391241735,,m325,4,,,,,
,1ZR33F09YW10115016,,g502,1,,,,,
,,,g402,1,,,,,
,,,g403,1,,,,,
,1ZF8126YYW10138513,,g502,1,,,,,
,,,g402,1,,,,,
,,,g403,1,,,,,
,1ZV7855EYW40381662,884116275664,dell i3567-5664 blk,1,,,,,
,1ZV7855E0340612348,,g600,1,,,,,
,,,lenovo 120s-11iap,1,,,,,
,1ZV7855EYW40321093,884116275664,dell i3567-5664 blk,1,,,,,
,1ZA1690V0350192022,191628189380,hp 15-cc563st,1,,,,,
,1Z4785W00391307790,191628189380,hp 15-cc563st,1,,,,,
,1Z4785W00391297131,191628189380,hp 15-cc563st,1,,,,,
,1Z4785W00391296936,191628189380,hp 15-cc563st,1,,,,,
,1Z4785W00391250494,,ptd 210,2,,,,,
,1ZV7855EYW40382607,884116275664,dell i3567-5664 blk,1,,,,,
,1Z4785W00391250118,,ptd 210,2,,,,,
,9200199799676925756330,,g403,1,,,,,
,1zr3245xyw10126504,,g502,1,,,,,
,,,g403,1,,,,,
,1ZR31823YW10122642,,g502,1,,,,,
,,,g402,1,,,,,
,,,g403,1,,,,,
,1ZW85R210355146936,amamzon new,dell s2817q,2,,,,,
,1ZW85R210355146909,amamzon new,dell s2817q,2,,,,,
,1Z4785W00391265737,,ptd 210,2,,,,,
,420197019361289681090308613902,,lego 21309,1,,,,,
,1ZV7855E0340341211,,g600,1,,,,,
,,,samung 500c13-s03,1,,,,,
,4201970192001901795900800429506893,,g402,1,,,,,
,420197019405511898666800573759,,lego deluxe dics,1,,,,,
,420197019405511898666800556684,,lego deluxe dics,2,,,,,
,420197019405511898666800360601,,ps4 super hearo,2,,,,,
,1ZA1690V0350028405,,ptd 210,2,,,,,
,1ZA1690V0350028709,,ptd 210,2,,,,,
,420197019361289681090308135602,,lego 21309,1,,,,,
,1ZV7855E0340342014,,samung 500c13-s03,2,,,,,
,,,lenovo 120s-11iap,1,,,,,
,,,g600,1,,,,,
,420197019361289681090308314007,,ptd 210,2,,,,,
,,,ps4 ninjago,3,,,,,
,,,xboxone ninjago,3,,,,,
,,,swith ninjago,3,,,,,
,,,swith monopoly,3,,,,,
,1ZW49024YN54112970,,g 402,1,,,,,
,420197019405511898666800376053,,lego deluxe dics,2,,,,,
,1ZA1690V0350028165,,ptd 210,2,,,,,
,1ZW227170327654830,,ps4 pro 1tb,1,,,,,
,420197019405511898666800519689,,xboxone lego super hero,2,,,,,
,420197019405511898666800149862,,swith fifa18,2,,,,,
,420197019405511898666800362308,,ps4 super hearo,2,,,,,
,420197019405511898666806205586,,swith fifa18,2,,,,,
,420197019405511898666806094906,,swith lego city,2,,,,,
,420197019405511898666800725769,,swith super hero,2,,,,,
,420197019405511898666800750730,,ps4 super hearo,1,,,,,
,420197019405511898666800950246,,swith fifa18,2,,,,,
,420197019405511898666800700216,,swith lego city,1,,,,,
,420197019405511898666800631718,,swith fifa18,2,,,,,
,420197019405511898666800952738,,swith fifa18,2,,,,,
,420197019405511898666800705242,,swith lego city,2,,,,,
,420197019405511898666808590512,,lego deluxe,1,,,,,
,420197019405511898666800364678,,swith lego super hero,2,,,,,
,420197019405511898666800771520,,ps4 super hearo,2,,,,,
,420197019405511898666800313966,,ps4 super hearo,2,,,,,
,420197019405511898666806833598,,swith lego city,2,,,,,
,420197019405511898666806831136,,swith lego city,2,,,,,
,420197019405511898666800149183,,swith fifa18,2,,,,,
,420197019405511898666806836865,,swith lego city,2,,,,,
,420197019405511898666800146717,,swith lego city,2,,,,,
,420197019405511898666808523848,,lego deluxe,1,,,,,
,420197019405511898666806091684,,swith lego city,2,,,,,
,420197019405511898666806331087,,swith lego city,2,,,,,
,420197019405511898666800129314,,swith fifa18,2,,,,,
,420197019405511898666806838104,,swith lego city,2,,,,,
,420197019405511898666800491930,,swith fifa18,2,,,,,
,420197019405511898666800799623,,ps4 super hearo,2,,,,,
,420197019405511898666800740274,,swith lego super hero,2,,,,,
,420197019405511898666808994754,,lego deluxe,1,,,,,
,420197019405511898666806816386,,swith lego city,2,,,,,
,420197019405511898666806837671,,swith lego city,2,,,,,
,420197019405511898666806817406,,swith lego city,2,,,,,
,420197019405511898666806831860,,swith lego city,2,,,,,
,420197019200199799640626081671,,g 403,1,,,,,
,420197019405511898666800364098,,2ds blue,1,,,,,
,1Z4785W00391241628,,m325,4,,,,,
,1Z4785W00391242118,,m325,4,,,11,883929597802,14
,1ZW49024YN54113175,,g402,1,,,,883929597833,3
,1ZW490240353990649,,g402,1,,,,883929597826,3
,,,g502,1,,,,883929597840,3
,9200199799640626137477,,g502,1,,,,883929597819,4
,9200199799676925810049,,g502,1,,,,887256032043,3
,1001910523320001970100737737015510,,ps4,3,,,,883929598502,4
,1001910523320001970100737737015278,,ps4,2,,,,883929598496,5
,1001910523320001970100737737015197,,ps4,3,,,,883929580224,19
,1001910523320001970100737737015602,,ps4,3,,,,o14633738230,15
,1zw8f7510256173307,,ysl rogue 45,2,,,,883929597796,2
,1Z9714R40325509652,814855023271,lancehead mouse,1,,,,,
错了到熊总那边,9361289681090304795268,,anvoa culinary sou vide,5,,,,,
,,,,,,,,,
11/28,1Z1836810321143382,887276237367,samung 500c13-s02,1,,,,,
,1Z1836810321143328,887276237367,samung 500c13-s02,1,,,,,
,1Z1836810321143364,887276237367,samung 500c13-s02,1,,,,,
,1Z1836810321143319,887276237367,samung 500c13-s02,1,,,,,
,1Z1836810321143337,887276237367,samung 500c13-s02,1,,,,,
,1Z1836810321143355,887276237367,samung 500c13-s02,1,,,,,
,1Z1836810321143373,887276237367,samung 500c13-s02,1,,,,,
,1Z1836810321143293,887276237367,samung 500c13-s02,1,,,,,
,1Z4785W00391260483,,m325,4,,,,,
,1Z306AY11336712908,,philip sonicare ,6,,,,,
,1ZV7855E0340628171,,g600,1,,,,,
,,,lenovo120-sap,1,,,,,
,1ZV7855EYW40238040,884116275664,dell i3567-5664 blk,1,,,,,
,1ZR3A930YW10112057,,philip sonicare ,1,,,,,
,1ZW490240354341428,,g402,1,,,,,
,,,samung k03,1,,,,,
,1Z4E35560301577939,,ptd210,2,,,,,
,,,m325,6,,,,,
,1Z4E35560301577911,,ptd210,2,,,,,
,,,m325,3,,,,,
,1ZA40696YW19775348,884116275664,dell i3567-5664 blk,1,,,,,
,1ZV7855EYW40319202,884116275664,dell i3567-5664 blk,1,,,,,
,1Z9R42X40330711567,,ptd210,2,,,,,
,1ZV7855EYW40280057,884116275664,dell i3567-5664 blk,1,,,,,
,1ZV7855EYW40416151,884116275664,dell i3567-5664 blk,1,,,,,
,1ZWF2547YW87938629,,g402,1,,,,,
,,,lenovo120-sap,1,,,,,
,1ZV7855EYW40413298,884116275664,dell i3567-5664 blk,1,,,,,
,1ZV7855E0340644984,,g600,1,,,,,
,,,lenovo120-111ap,1,,,,,
,1ZV7855EYW40404057,192018171138,hp 17bs049dx,1,,,,,
,1ZV7855EYW40344103,884116275664,dell i3567-5664 blk,1,,,,,
,1ZV7855EYW40377284,884116275664,dell i3567-5664 blk,1,,,,,
,1Z30Y83W0301593537,,philip sonucare,9,,,,,
,1Z5R74F80303710679,,ps4 ,3,,,,,
,1ZF8Y053YW10124284,,g403,1,,,,,
,,,g402,1,,,,,
,,,g502,1,,,,,
,1ZW494600355988789,,g402,1,,,,,
,1ZV7855E0340414213,,g600,1,,,,,
,,,lenovo120-111ap,1,,,,,
,,192018171138,hp 17bs049dx,1,,,,,
,,,samung s03,1,,,,,
,1ZWF2547YW87981760,,g402,1,,,,,
,,,lenovo120-111ap,1,,,,,
,1ZV7855EYW40280619,884116275664,dell i3567-5664 blk,1,,,,,
,420197019274899992469932957390,,swith fifa18,1,,,,,
,4201970192001901795906816081700078,,g402,1,,,,,
,4201970192001901795906802396200235,,g402,1,,,,,
,4201970192001901795906814082509201,,g402,1,,,,,
,4201970192748901014727732828392829,,g402,1,,,,,
,420197019361289681090309184449,,ear wonderboom,2,,,,,
,420197019361289681090309138435,,ear wonderboom,2,,,,,
,4201970192001901795912804646320459,,g402,1,,,,,
,4201970192001901795912800451432585,,g402,1,,,,,
,4201970192001901795906807994035791,,g402,1,,,,,
,420197019274899992469932989575,,swith fifa18,1,,,,,
,420197019405511898666800283030,,lego deluxe dics,2,,,,,
,420197019405511898666806898641,,swith legocity,2,,,,,
,420197019405511898666806360667,,swith legocity,2,,,,,
,420197019405511898666806315865,,swith legocity,2,,,,,
,420197019405511898666806319085,,swith legocity,2,,,,,
,420197019405511898666806331063,,swith legocity,2,,,,,
,420197019405511898666806314608,,swith legocity,2,,,,,
,420197019405511898666806313830,,swith legocity,2,,,,,
,420197019405511898666800725653,,swth superhero,2,,,,,
,420197019405511898666800793683,,ps4 superhearo,2,,,,,
,420197019405511898666800412089,,swith fifa18,2,,,,,
,420197019405511898666800376824,,ps4 superhearo,1,,,,,
,420197019405511898666806030942,,swith legocity,2,,,,,
,420197019405511898666806314462,,swith legocity,2,,,,,
,420197019405511898666800499752,,swith legocity,2,,,,,
,420197019405511898666806025092,,swith legocity,2,,,,,
,420197019405511898666806091196,,swith legocity,2,,,,,
,420197019405511898666806076261,,swith legocity,2,,,,,
,420197019405511898666800288196,,swth superhero,2,,,,,
,420197019405511898666806038948,,swith legocity,2,,,,,
,420197019405511898666806050810,,swith legocity,2,,,,,
,420197019405511898666806091509,,swith legocity,2,,,,,
,420197019374889681090271943200,,swith rayman,1,,,,,
,4201970192001901795912820495714683,,g402,1,,,,,
,420197019405511898666800376534,,lego deluxe dics,2,,,,,
,9200199799692025737406,,g402,1,,,,,
,1002486934210001970100810856246314,,wiuu supermario,2,,,,,
,9622080430000058097200788613293901,,xbxone fifa18,2,,,,,
,9622080430008707174800788593892398,,swith legocity,2,,,,,
,9612015985222675929703,,ps4 overwatch,1,,,,,
,,,ps4 madden 18,1,,,,,
,9622080430000058137200788593718433,,swith legocity,2,,,,,
,9622080430000582917200788610853559,,swith legocity,1,,,,,
,9622080430009572357000788563882946,,lego deluxe dics,2,,,,,
,9622080430000058137200788593715331,,swith legocity,2,,,,,
,9622080430008707218100788602778209,,swith legocity,2,,,,,
,9622080430008707218100788603444632,,swith legocity,2,,,,,
,9622080430008707174800788594004673,,swith legocity,2,,,,,
,9622080430000048729700788579573633,,swith legocity,2,,,,883929598519,2
,00015118733482572599,887276237367,samung 500c13-s02,1,,,,883929580224,57
,9612850017136297057592,887276237367,samung 500c13-s02,1,,,,14633735260,2
,9612850017136297057783,887276237367,samung 500c13-s02,1,,,,47875881303,12
,9612019244862662137898,711719510130,ps4 1tb callduty,1,,,,47875881273,25
,00015118733482572780,887276237367,samung 500c13-s02,1,,,,883929598496,4
,9622080430000046850100788602843700,,swith legocity,2,,,,887256028374,1
,9622080430000046827000788579212450,,2ds yellow,1,,,,883929598502,1
,9622080000002051869200788591391844,,ipad mini4 128g gray,5,,,,45496903749,2
,9612015985222675919827,,ps4 watchover,12,,,,883929597819,6
,9612015985222675919803,,ps4 watchover,12,,,,883929597802,3
,9612015985222675933830,,xbxone watchover,12,,,,14633738230,5
,,,,,,,,14633738889,2
11/29,1ZR15R460310122293,47875881174,ps4 destiny,1,,,,,
,,,g402,1,,,,,
,,711719513599,ps4 pro 1tb,1,,,,,
,1Z2E85150347133950,,philip sonicare siamond,6,,,,,
,1Z14FR730310135700,,philip sonicare siamond,2,,,,,
,1ZW49024YW54823730,884116275664,dell i3567-5664 blk,1,,,,,
,1ZF389630310108129,,philip sonicare siamond,2,,,,,
,1Z2FX8990308800113,,ps4 gold 1tb,1,,,,,
,1ZV7855EYW40237603,884116275664,dell i3567-5664 blk,1,,,,,
,1ZRR3697YW10093116,,g402,1,,,,,
,,,g403,1,,,,,
,,,g502,1,,,,,
,1ZR31152YN10094862,,g502,1,,,,,
,1Z305Y4W0310169983,,lego 10232,1,,,,,
,1Z2FX8990308797477,,ps4 gold 1tb,1,,,,,
,1ZW227170327731041,711719513124,ps4  battlefield 1tb,1,,,,,
,1ZW49024YW54547486,191800152584,lenovo 120s-111ap,1,,,,,
,1ZR15R46YW10121901,,g600,1,,,,,
,,,g402,1,,,,,
,1ZRV2478YW10118999,,g600,1,,,,,
,,,g402,1,,,,,
,1ZW490240355077758,191800152584,lenovo 120s-111ap,1,,,,,
,,,g402,1,,,,,
,1zf20409yw10110210,,philip sonicare siamond,1,,,,,
,1Z1836810321341131,887276237367,samung 500c13-s02,1,,,,,
,1Z1836810321341122,887276237367,samung 500c13-s02,1,,,,,
,1z1836810321341159,887276237367,samung 500c13-s02,1,,,,,
,1Z1836810321341266,887276237367,samung 500c13-s02,1,,,,,
,1Z1836810321341211,887276237367,samung 500c13-s02,1,,,,,
,1Z1836810321340981,887276237367,samung 500c13-s02,1,,,,,
,1Z1836810321340918,887276237367,samung 500c13-s02,1,,,,,
,1Z1836810321341328,887276237367,samung 500c13-s02,1,,,,,
,1Z1836810321341319,887276237367,samung 500c13-s02,1,,,,,
,1Z1836810321341284,887276237367,samung 500c13-s02,1,,,,,
,1Z1836810321340936,887276237367,samung 500c13-s02,1,,,,,
,1Z1836810321341006,887276237367,samung 500c13-s02,1,,,,,
,1Z1836810321340963,887276237367,samung 500c13-s02,1,,,,,
,1Z1836810321341337,887276237367,samung 500c13-s02,1,,,,,
,1Z1836810321340972,887276237367,samung 500c13-s02,1,,,,,
,1Z1836810321341293,887276237367,samung 500c13-s02,1,,,,,
,1Z1836810321341275,887276237367,samung 500c13-s02,1,,,,,
,1Z1836810321341140,887276237367,samung 500c13-s02,1,,,,,
,1Z1836810321340954,887276237367,samung 500c13-s02,1,,,,,
,1Z777A9R0300039279,,ps4 vr,3,,,,,
,1Z1836810321340990,887276237367,samung 500c13-s02,1,,,,,
,1Z1836810321341202,887276237367,samung 500c13-s02,1,,,,,
,1Z1836810321341168,887276237367,samung 500c13-s02,1,,,,,
,1Z1836810321341257,887276237367,samung 500c13-s02,1,,,,,
,1Z1836810321341195,887276237367,samung 500c13-s02,1,,,,,
,1ZA491F50354908444,,ptd 210,2,,,,,
,1Z1836810321340927,887276237367,samung 500c13-s02,1,,,,,
,1Z4E35560301577920,,m325,3,,,,,
,,,ptd 210,2,,,,,
,1ZW227170327720044,711719513124,ps4  battlefield 1tb,1,,,,,
,1Z4785W00391241959,,m325,4,,,,,
,1ZE194580318505716,888863408634,acer cb3-131-c3sz,1,,,,,
,1Z602A6X0333854649,888863408634,acer cb3-131-c3sz,1,,,,,
,1ZRR9105YW10096343,,philip sonicare siamond,1,,,,,
,1Z1836810321340945,887276237367,samung 500c13-s02,1,,,,,
,1ZV7855EYN41046842,,g600,1,,,,,
,1ZF769V1YN10093691,,g502,1,,,,,
,1ZR1A254YW10105125,,g403,1,,,,,
,,,g402,1,,,,,
,,,g502,1,,,,,
,1Z15201V0310088741,,g403,1,,,,,
,,,g402,1,,,,,
,,,g502,1,,,,,
,1Z1836810321143346,887276237367,samung 500c13-s02,1,,,,,
,1Z1836810321143300,887276237367,samung 500c13-s02,1,,,,,
,1Z602A6X0333854523,888863408634,acer cb3-131-c3sz,1,,,,,
,1ZV7855E0340287727,,samung s03,1,,,,,
,,,samung ko3,1,,,,,
,,191800152584,lenovo 120s-111ap,1,,,,,
,,,g600,1,,,,,
,1ZR12359YN10123389,,g600,1,,,,,
,1ZR1496XYN10122801,,g402,1,,,,,
,1ZV7855EYW40261167,884116275664,dell i3567-5664 blk,1,,,,,
,1ZF5246XYW10106416,,g600,1,,,,,
,,,g403,1,,,,,
,,,g402,1,,,,,
,1ZF7838XYW10122612,,g502,1,,,,,
,,,g403,1,,,,,
,1z135583yn10126784,,g402,1,,,,,
,1ZR10A65YW10129395,,g402,1,,,,,
,,,g600,1,,,,,
,1ZW49024YW54552345,191800152584,lenovo 120s-111ap,1,,,,,
,1Z3Y16F60303879813,,lego 21309,1,,,,,
,1ZW0W2111332991030,,philip sonicare siamond,6,,,,,
,,,xbxone ninjago,3,,,,,
,420197019405511898666808613402,,lego deluxe,1,,,,,
,420197019405511898666800701725,,swith lego city,2,,,,,
,420197019261299998160772583364,,xbxone super hero,4,,,,,
,420197019261299998160772582053,,xbxone super hero,4,,,,,
,4201970192748901053005553026395580,,cloth,1,,,,,
,420197019274899998160772893216,,ps4 super hero,4,,,,,
,420197019261299998160772581759,,xbxone super hero,4,,,,,
,420197019405511898666806419976,,swith lego city,2,,,,,
,420197019405511898666808613174,,lego deluxe,1,,,,,
,420197019405511898666806414285,,swith lego city,2,,,,,
,420197019200190175136226409166,,g502,1,,,,,
,420197019274899998160772920547,,ps4 super hero,4,,,,,
,4201970192748901014727732828395073,,g402,1,,,,,
,4201970192748901014727732828394809,,g402,1,,,,,
,420197019261299992193937628675,,ps4,1,,,,,
,420197019361289681090310749132,,lego 10232,1,,,,,
,420197019261299992193937631644,,ps4,1,,,,,
,420197019261299992193937631040,,ps4,1,,,,,
,9622080430000046848600788642086500,,swith lego city,2,,,,,
,9622080430008472717800788604072010,,swith lego city,2,,,,,
,9622080430008472717800788611897771,,swith lego city,2,,,,,
,9622080430000058191300788639319673,,swith lego city,2,,,,,
,420197019200199799653226417528,,g502,1,,,,,
,420197019405511898666800940087,,swith fifa18,2,,,,,
,420197019405511898666800499264,,swith lego city,2,,,,,
,420197019405511898666806189749,,swith lego city,1,,,,,
,420197019405511898666800574596,,ps4 super hero,1,,,,,
,420197019405511898666806189305,,swith lego city,2,,,,,
,420197019405511898666806436867,,swith fifa18,2,,,,,
,420197019200199799713326581021,,g600,1,,,,,
,420197019200199799722726456303,,g502,1,,,,,
,,,,,,,,,
11/30,420197019274899535099909723476,,swith fifa18,2,,,,,
,4201970192001901795904808420446596,,g402,1,,,,,
,420197019261299997926788289840,,swith fifa18,2,,,,,
,4201970192001901795904815502317224,,g402,1,,,,,
,420197019274899535099909705847,,swith fifa18,2,,,,,
,420197019274899997988742296871,887256028305,swith mario rabbids,2,,,,,
,420197019405511898666806437307,,swith lego city,2,,,,,
,420197019274899997988742348259,887256028305,swith mario rabbids,2,,,,,
,420197019374889681090275662763,,ps4 distiny disc,1,,,,,
,,,xboxone distiney dics,1,,,,,
,1z1393110310103620,,ps4 distiny pro 1tb,1,,,,,
,,,ps4 distiny disc,1,,,,,
,,,g600,1,,,,,
,,,g402,1,,,,,
,1ZEA54610387580224,amazon open,xbxone 500gb white,1,,,,,
,1ZR0R0240310125274,,ps4 distiny pro 1tb,1,,,,,
,,,ps4 distiny disc,1,,,,,
,,,g600,1,,,,,
,,,g402,1,,,,,
,1Z305Y4W0310287042,,lego21309,1,,,,,
,1Z1836810321341346,887276237367,samung 500c13-s02,1,,,,,
,1Z1836810321341186,887276237367,samung 500c13-s02,1,,,,,
,1Z1836810321341300,887276237367,samung 500c13-s02,1,,,,,
,1Z1836810321341177,887276237367,samung 500c13-s02,1,,,,,
,1zf943y9yw10102496,,g402,1,,,,,
,,,g600,1,,,,,
,,,g403,1,,,,,
,1Z19E37FYW97395836,,ipad pro 256g,5,,,,,
,1ZA012E30309599765,,alexander mqueen,1,,,,,
,1ZR335E60310104824,,philpi sonicare,2,,,,,
,1Z306FW70307504911,889899867884,hp 14-am052nr,1,,,,,
,1ZW493040343633184,191800152584,lenovo 120s-111ap,1,,,,,
,1ZA0F6504203920490,,ps4 battlefornt 1tb,1,,,,,
,1ZY8R0010335733977,45496591694,swith mario ,1,,,,,
,1ZR3047AYW10114344,,g600,1,,,,,
,1ZF13Y73YW10128569,,g402,1,,,,,
,,,g600,1,,,,,
,,,g403,1,,,,,
,1ZF80187YW10105119,,g402,1,,,,,
,,,g502,1,,,,,
,,,g403,1,,,,,
,1ZW227170327728091,,ps4 battlefornt pro 1tb,1,,,,,
,1ZW227170327730686,,ps4 battlefornt pro 1tb,1,,,,,
,1ZA0F6504203919831,,ps4 battlefornt 1tb,1,,,,,
,1ZV7855EYW40974905,884116275664,dell i3567-5664 blk,1,,,,,
,1ZA0F6500303923935,,swith fifa18,2,,,,,
,1ZA0F6500303921393,,swith fifa18,2,,,,,
,1ZR129E4YW10087212,,g600,1,,,,,
,,,g403,1,,,,,
,,,g402,1,,,,,
,1ZF67Y50YN10143802,,g403,1,,,,,
,1ZR28389YW10120276,,g402,1,,,,,
,,,g600,1,,,,,
,1ZW493040343670027,,g402,1,,,,,
,1ZEA54610387579129,amazon new,xboxone 1tb blk,1,,,,,
,1ZA0F6504203919626,,ps4 battlefornt 1tb,1,,,,,
,420197019405511898666806840466,,swith lego city,2,,,,,
,420197019405511898666806870913,,swith lego city,2,,,,,
,420197019405511898666806873266,,swith lego city,2,,,,,
,420197019405511898666800329806,,swith super hero,2,,,,,
,420197019405511898666801806610,,swith fifa18,2,,,,o47875881303,1
,420197019405511898666801806290,,swith fifa18,2,,,,14633738889,1
,420197019261299997926788270749,,swith fifa18,2,,,,47875881273,1
,420197019261299997988742393444,,ps4 madden18,1,,,,14633373691,1
,,,xbxone overwatch,1,,,,14633373646,1
,,,ps4 overwatch,1,,,,47875880986,1
,,,xboxone madden18,1,,,,14633738230,16
,,,xbxone fifa18,1,,,,883929597819,2
,,,swith mario rabbids,1,,,,883929580224,12
,420197019200190175136226603137,,g403,1,,,,887256028305,9
,9622086940009775362400413847555550,,shoes,1,,,,47875881174,3
,9612804985222676306770,,swith mario rabbids,2,,,,,
,9612804985222676306800,,swith mario rabbids,2,,,,,
,9622080430000058146400788594425889,,swith lego city,2,,,,,
,420197019405511898666806008507,,swith lego city,2,,,,,